idx,s_m,local_smoothing,blend,displacement_from_arclength_base_m,kappa_radpm,requested_steer_rate_radps,ub,lb
0,0.0,False,0.0,0.07518248404661522,-0.07883528736593347,0.3153014310307173,3.7905072264436788,-3.6541697022287063
1,0.5886034648572561,False,0.0,0.028880912269477997,-0.06125903537663066,0.2142732193434419,3.717835837785557,-3.6970478748345563
2,1.178886339985441,False,0.0,0.05366662845395572,-0.04893972182407464,0.18904276634808306,3.660532215194336,-3.7266877782558425
3,1.7706033229837028,False,0.0,0.06660783584005707,-0.0409389845756047,0.2514425208597414,3.6226434671695817,-3.7414683030769877
4,2.36430328254555,False,0.0,0.06747845267842366,-0.030990712012768352,0.277219219034648,3.603711460868378,-3.7434656024059825
5,2.9599870433810276,False,0.0,0.07288189639270987,-0.017014154568014292,0.19395565676862989,3.597593889872438,-3.7332457995050845
6,3.555582729102536,False,0.0,0.07073679754391003,-0.004592650309611562,0.07835867574624268,3.5981758759917164,-3.7172372326286283
7,4.148817249783667,False,0.0,0.0545487082303399,0.0014087079754299273,0.029053364760927024,3.598321975578804,-3.700641030627001
8,4.740332880237355,False,0.0,0.03851126878701866,0.002823655132455386,0.05638197266306567,3.60662142784073,-3.686019160106975
9,5.331411145091704,False,0.0,0.030550611689319846,0.00415349341386058,0.0768099701238044,3.616894250933924,-3.665260139543912
10,5.9224133880435454,False,0.0,0.021068225880736084,0.008148182822333417,0.025335450977944752,3.627232401990037,-3.638085011419786
11,6.512736426530384,False,0.0,0.002331763372060157,0.011402902123913594,0.046036877143586306,3.6336544859988344,-3.6140750227955536
12,7.102431684866807,False,0.0,0.018949443702197935,0.010536801809207151,0.053160972308252855,3.635757948753963,-3.595604025480608
13,7.691959760923533,False,0.0,0.024612990728104817,0.007065472531706949,0.0019110084103464667,3.6384875735460938,-3.5864491943426495
14,8.281459773267745,False,0.0,0.011869967415037038,0.005529137154572696,0.042173698620146485,3.645553652483019,-3.597393212711896
15,8.870907383179789,False,0.0,0.00045019986775913227,0.006885476692389791,0.03237678099108916,3.6525011112021977,-3.6098166103176044
16,9.460324691849486,False,0.0,0.00015860417653761907,0.009501203304312606,0.033525711480731746,3.6561254173011326,-3.625027236461395
17,10.049754926000578,False,0.0,0.004290764336087841,0.00993485414471184,0.09788835944254307,3.656056826325591,-3.644378941499342
18,10.639267200012817,False,0.0,0.0007366077221805105,0.006343398087530845,0.11516728298149931,3.6528717720794326,-3.6626888101831505
19,11.228888761664054,False,0.0,0.021058883463171252,0.0007136179208107707,0.08319861099527875,3.6546627766154787,-3.6813501420378403
20,11.818465380716564,False,0.0,0.043700352011005,-0.004505705052535797,0.01336093005622389,3.6672674618517105,-3.700414269781065
21,12.407869193861648,False,0.0,0.05180637646025223,-0.007122545977949101,0.05402610773559955,3.6827501850784827,-3.7170978215724
22,12.997109934344914,False,0.0,0.03846792774889388,-0.005763782826830139,0.06375287932289554,3.7003837263667982,-3.7306442173684564
23,13.586222177182375,False,0.0,0.013642295933822138,-0.0020366749122955113,0.007897584780219895,3.720024409164274,-3.7423429644176314
24,14.175259158920946,False,0.0,0.010609995594165693,0.00023658746729709893,0.07936027753659311,3.7399590809128083,-3.7507002318257725
25,14.764263191435637,False,0.0,0.02874121848684932,-0.001293438501380448,0.11167138239109264,3.758446073406694,-3.7592853600047698
26,15.353258720931859,False,0.0,0.043841955457082055,-0.007231868099833209,0.053611693702513195,3.7773482884538834,-3.767106684973871
27,15.942205715567573,False,0.0,0.05604820011005595,-0.011802724756846402,0.0012648940689460233,3.7991386365340203,-3.7729471751653407
28,16.531047735328755,False,0.0,0.060155738123139055,-0.012276909180090957,0.022424918615733314,3.8261462763281555,-3.774890806267773
29,17.11989778932722,False,0.0,0.04998495141446682,-0.011683696412101745,0.02287532911999589,3.7840875287678113,-3.7702724335809643
30,17.708726386445708,False,0.0,0.015308096470110095,-0.01016673595393772,0.004339632748230387,3.741280977101813,-3.760666845383386
31,18.29754932911648,False,0.0,0.03154733364581196,-0.009531234730120243,0.0291933669503135,3.699137725278943,-3.753035001156029
32,18.886467466019315,False,0.0,0.052791082368884606,-0.009758377347353624,0.09149139288682177,3.662159829296163,-3.7357367224439035
33,19.47546237310234,False,0.0,0.03278375550655554,-0.006783881127842117,0.10632332653570092,3.645400936934645,-3.7118666186195526
34,20.06456360812229,False,0.0,0.0035712754738291552,-0.0011473261274850533,0.09199986963105244,3.6429729812035,-3.6845504513728553
35,20.653671220981423,False,0.0,0.026758785855396934,0.0032237074990530837,0.09102957259442927,3.64037228467453,-3.6571644524004454
36,21.242711928911366,False,0.0,0.02868353876076443,0.007511698045613055,0.08930288028114974,3.6356442340462074,-3.630577133596455
37,21.83167241300742,False,0.0,0.013875737795220668,0.01179098354735775,0.05111985227217037,3.628561822184921,-3.626129139360782
38,22.420565989132783,False,0.0,0.012994524482173751,0.0159165280103585,0.040425203559958704,3.6183011603256956,-3.6296795422893187
39,23.009430782302307,False,0.0,0.04397342758543635,0.01660224631991939,0.12843020353692874,3.6034204130533185,-3.640100552598025
40,23.59841721042754,False,0.0,0.05593678737825477,0.01211157808530803,0.157942113915251,3.5850559660468484,-3.6567724922651994
41,24.18755389311833,False,0.0,0.024490746902720226,0.004512600710537027,0.1049655820801144,3.621436237087318,-3.670776581482617
42,24.77673318570897,False,0.0,0.024116703899380375,-0.0027566439270711256,0.002505902305219362,3.648435768113814,-3.698404960364739
43,25.365871047919796,False,0.0,0.0329967822623737,-0.005368035189412023,0.06202476829748222,3.684698158486683,-3.7136780303892336
44,25.954864713977894,False,0.0,0.007345190821426805,-0.002992492744907183,0.052638411691962234,3.709670374874594,-3.7232079196200427
45,26.54379465458062,False,0.0,0.005433662455667581,0.0004685486596458832,0.0077925281576426775,3.727857145387152,-3.713881336784393
46,27.132732013362084,False,0.0,0.025351534107829518,0.001960538580223119,0.04075200060571318,3.7453557660591796,-3.703616304296966
47,27.72168671299069,False,0.0,0.03453941253540346,0.0012018027312504492,0.07456936236161595,3.76090411419591,-3.694639336008374
48,28.310690040119205,False,0.0,0.04026106012767275,-0.001874324618821772,0.07217437876776334,3.7669230414433383,-3.6873555799791493
49,28.8997463738938,False,0.0,0.04701651964075086,-0.005816057556229966,0.010741846455849389,3.7739113119739622,-3.6966718863019734
50,29.488832998116674,False,0.0,0.04997705692906543,-0.008667512575946529,0.06711899682239815,3.7760920572634227,-3.7045612822340943
51,30.077924215282422,False,0.0,0.033106740629272935,-0.006827142866875046,0.0590630445162819,3.751268220670682,-3.70716615036173
52,30.66703007647012,False,0.0,0.011351063857166553,-0.00234984931756017,0.027409327712519194,3.7282503308271417,-3.708850420954721
53,31.256217841660494,False,0.0,0.04789647094715971,-0.0012674231424370905,0.054608159841912945,3.687416477967968,-3.694389039596409
54,31.84541307700643,False,0.0,0.04036380981827356,0.00023036475420509168,0.12325994087959687,3.6141940430781583,-3.6749739941916038
55,32.43471120068313,False,0.0,0.01557528233747885,0.0038736959524523695,0.1606661063096514,3.6040725179123565,-3.6563938541088605
56,33.024024115270464,False,0.0,0.015998651320030807,0.011836737568585113,0.07204039181952691,3.60137790436005,-3.634827221369863
57,33.61377452740698,False,0.0,0.026625508390147698,0.01901063265636034,0.11736321415584519,3.6011390286986136,-3.6370968103405
58,34.20592088137678,False,0.0,0.040231568897653815,0.018641086191347418,0.2495824100103347,3.5955369884474417,-3.6485375884130837
59,34.80254125685455,False,0.0,0.05892036351978134,0.00786195591671005,0.25590550560849573,3.57942833313791,-3.66839427961434
60,35.40017377231773,False,0.0,0.0746137070578026,-0.0051737351007698175,0.22066598085209319,3.5611002228271835,-3.688530043768622
61,35.996894097943006,False,0.0,0.08220884027870493,-0.016557150020161542,0.26192199407912853,3.546803242992576,-3.704551448443831
62,36.59351783996387,False,0.0,0.0836368076543218,-0.02621983573704135,0.3604448505880197,3.538431847846614,-3.715238118699424
63,37.19098450440976,False,0.0,0.0816550346677062,-0.04157893076121865,0.3840522221570289,3.5395653749083413,-3.718937668015001
64,37.78904402312151,False,0.0,0.07637779016465963,-0.060756267424005986,0.3425978388918876,3.5591939307500513,-3.7133917191616517
65,38.38501565410455,False,0.0,0.06556408781950569,-0.07843248076338116,0.2951197039602822,3.610541168288528,-3.697090037223329
66,38.97648097585752,False,0.0,0.053760891435735716,-0.09357242267999219,0.2876534827056311,3.6558275891074077,-3.684740989442856
67,39.56268423539516,False,0.0,0.06209162720714863,-0.10658585644550991,0.33102528657408214,3.7583452292328032,-3.6547488241082324
68,40.143948803619644,False,0.0,0.151393988889061,-0.12090486932120106,0.3596517070246525,3.824423011942036,-3.6110940566376617
69,40.72225778607797,False,0.0,0.21331812624743746,-0.13799884719185562,0.33492030009730417,3.8090651150924653,-3.5553396843503426
70,41.29924969628207,False,0.0,0.18277019562577096,-0.1551297841659433,0.2871926416089125,3.854161574712559,-3.581357765327776
71,41.87302646876942,False,0.0,0.0952477817428575,-0.1699777221838561,0.22394712161234864,3.822013240080693,-3.6274055638187974
72,42.44270370854429,False,0.0,0.06988216268325473,-0.1825808448144468,0.12503297665002572,3.8101940809316104,-3.7313953230639725
73,43.008908678025314,False,0.0,0.0838118188623925,-0.19137739832682052,0.0057389325872431556,3.8965860795090994,-3.7497775276458576
74,43.573251601037406,False,0.0,0.09541548073883276,-0.19452536529993186,0.07971602829945708,3.8534551436589255,-3.7537431934520624
75,44.13785672719274,False,0.0,0.0799683751134683,-0.19192583986352302,0.08405242518148101,3.901286047411078,-3.798606863660622
76,44.70599844428456,False,0.0,0.047043754590090185,-0.1868859306192594,0.054097485620716056,3.910454147662328,-3.8698306243072556
77,45.283492658472056,False,0.0,0.04023734677933268,-0.18379236153992945,0.03519530272341555,3.8659052238842224,-3.8866330308766543
78,45.87053943357513,False,0.0,0.06498314692022913,-0.18157579769114698,0.019273163393478294,3.928556294824944,-3.887028341540719
79,46.45822943215811,False,0.0,0.09630085504000566,-0.18031190413316264,0.011444788635515435,3.9665476611745083,-3.8697449813352724
80,47.04235496770066,False,0.0,0.11296633472723083,-0.17967624072395083,0.05820524841069005,3.9154287701331887,-3.82305540334024
81,47.62382138446542,False,0.0,0.08996620927743061,-0.1814342141129503,0.09262713191977472,3.9406523119534946,-3.768754353004454
82,48.20438051184223,False,0.0,0.029859580231818755,-0.18537197493913288,0.0809985654324402,3.9104461820287,-3.813891724390703
83,48.78454726323686,False,0.0,0.01271501083875796,-0.19050543845623683,0.047425161376604796,3.9912520855169187,-3.8377222724882314
84,49.36526810236929,False,0.0,0.0060419589756825305,-0.1933200110218959,0.04545845880249551,3.9696091050759095,-3.8433848425097796
85,49.94241334930119,False,0.0,0.028426384894900927,-0.19515683521554342,0.0666800825444928,4.028533264345365,-3.8288196475119607
86,50.51457029030717,False,0.0,0.07969048448632558,-0.19775310780898858,0.05017249749123528,3.963056149627555,-3.798269299203177
87,51.081628755113165,False,0.0,0.14214884656414323,-0.20161348654550587,0.04193070124226127,3.988322262514368,-3.7297891598385595
88,51.64447364563556,False,0.0,0.1879576523213891,-0.20257651712350327,0.16632739277057118,4.06392156809999,-3.786178094092625
89,52.206210625600995,False,0.0,0.14207967066335617,-0.19760286073046873,0.27190254883599607,4.162066873163836,-3.8288935643604987
90,52.76841837249814,False,0.0,0.06983095223483118,-0.18672297950791017,0.33595666795660556,4.21447434739886,-3.8552040573120756
91,53.331411594422796,False,0.0,0.10685881051730073,-0.17180547217107583,0.37044312925304923,4.050354797346848,-3.843315698954569
92,53.896158371305376,False,0.0,0.19377947877257923,-0.15501706147778171,0.38176751324040453,4.026903361579858,-3.782361204455452
93,54.46448588078431,False,0.0,0.17806693830169618,-0.13697063990698935,0.3626836586742172,4.026753161794096,-3.7353547691403777
94,55.03946031867414,False,0.0,0.0999064116063498,-0.11907890678869427,0.3426999132342957,3.9005779880591533,-3.65984427524862
95,55.62409413489124,False,0.0,0.07090987067109251,-0.10258501227971123,0.35506560881298505,3.8095174985626934,-3.7729164969632945
96,56.21703759726493,False,0.0,0.06995678486058986,-0.08628411524372548,0.3918676735842723,3.7652489560976568,-3.7881806462961185
97,56.81567588670215,False,0.0,0.06356911710105043,-0.06838050856375281,0.3914631177216662,3.748304810155434,-3.8550183719473496
98,57.417219562657486,False,0.0,0.08487712505939668,-0.04842975685619544,0.286540785624438,3.733014628849167,-3.911704205067679
99,58.018800459136315,False,0.0,0.11731861127194278,-0.030599151626068632,0.15788054663331716,3.7436960042316265,-3.927806602305999
100,58.61766571652782,False,0.0,0.11626156195691698,-0.020894003151240226,0.1672630701067775,3.7660033954186485,-3.930395135459777
101,59.21290698688886,False,0.0,0.09618368297800686,-0.015524873604372878,0.2571905232186314,3.791650455599527,-3.928262728087948
102,59.8079782322583,False,0.0,0.06717912734247874,-0.00498424918082717,0.24677526635991923,3.8233527324523573,-3.9215310212550567
103,60.40476263605371,False,0.0,0.030385337129784525,0.008965064006424037,0.10157623520674333,3.8581466531826396,-3.9077363499152695
104,60.999733018971234,False,0.0,0.005479578611658637,0.018513407281663244,0.0735936193921706,3.8691790158735566,-3.884159180595533
105,61.59042598034604,False,0.0,0.020853414506249127,0.01858888058161399,0.13056500743301386,3.8612712631792347,-3.867626105472206
106,62.179979827504226,False,0.0,0.009126830937678689,0.01157212850606704,0.05751484382121275,3.8438604997037253,-3.8592015623359277
107,62.76948016865043,False,0.0,0.016940017391428662,0.006287554142705581,0.024065804786249735,3.825397998784781,-3.852243509098185
108,63.3589922746791,False,0.0,0.03769345433435309,0.006154275033838746,0.10135572778806212,3.808694042132433,-3.833781143485375
109,63.948494873883654,False,0.0,0.038749129728472394,0.004020788308184197,0.15726885970461604,3.786112742976455,-3.815403903866731
110,64.53812320263872,False,0.0,0.02192661314463768,-0.0033931147773548264,0.09793858866454175,3.760238486975844,-3.801299232634895
111,65.12763182905144,False,0.0,0.010086276944950621,-0.010794089454957873,0.012098385725286329,3.7580340938795853,-3.7927939478820982
112,65.71686493935714,False,0.0,0.004989832714548363,-0.012616446422016099,0.051396371812561056,3.763158067391685,-3.784801635097009
113,66.30596336010677,False,0.0,0.0011054009177188428,-0.009655051393696695,0.025025173790929552,3.7723882965395714,-3.7724422083308036
114,66.89501282523032,False,0.0,0.006313546419573207,-0.007778301301183772,0.02394140226712488,3.7833693403945157,-3.7588096324679454
115,67.4839723656853,False,0.0,0.02527240245843455,-0.007299744747161843,0.039745389907720564,3.7962659737093927,-3.7427613878592214
116,68.07285374228421,False,0.0,0.05486262792182185,-0.005525428264322134,0.0001223802888313815,3.7830367244788214,-3.722294630567374
117,68.6616899851575,False,0.0,0.04696984650244134,-0.0035601973275233624,0.07335874542053618,3.7549618177998974,-3.6921534934504634
118,69.2505019483494,False,0.0,0.011095046601138024,-0.0055139144456107505,0.08369372551862062,3.7234350735468524,-3.681499575232116
119,69.83936830126878,False,0.0,0.014544866626632309,-0.010462393312679438,0.00849832363843041,3.6826222374484443,-3.674377921515581
120,70.42823568216822,False,0.0,0.02976863090725972,-0.013389379213241268,0.1302763104025701,3.647092832742149,-3.6642683910426515
121,71.01724149586818,False,0.0,0.007543542729088896,-0.009662616123018556,0.149425417368077,3.6162432428384093,-3.642357314593001
122,71.60636502017496,False,0.0,0.03251135686498925,-0.0011270351637678825,0.04674716139264843,3.5888977228816556,-3.6196624868168055
123,72.19537833876255,False,0.0,0.047717967629966704,0.0044013366936196206,0.04886642358284757,3.560537295227882,-3.5940847727867937
124,72.78429713636567,False,0.0,0.019677102682867837,0.0032718922133350655,0.03705280306036741,3.5304569288253984,-3.5674297095288234
125,73.37318632148187,False,0.0,0.00539444926908781,-0.00019656031678145402,0.028968764122341967,3.5181813476038415,-3.542535533249577
126,73.96210015880159,False,0.0,0.022662382516625494,-0.00021441951175514958,0.06728373703018513,3.504973335925204,-3.524283845548219
127,74.55112480123562,False,0.0,0.022758850738199263,0.0025294281113838564,0.07290969352946454,3.493280015605694,-3.506665953088793
128,75.14013504262871,False,0.0,0.007953565419957705,0.006117668731144758,0.06329480972730017,3.4744686706658374,-3.487937296264492
129,75.72906158438819,False,0.0,0.0413843673475632,0.009390690351330552,0.03783062647578565,3.4570734710266735,-3.458469255821396
130,76.31796201660752,False,0.0,0.024686523342049058,0.012074028480019067,0.020636485528535812,3.433915438765665,-3.4216931513011413
131,76.9067397139187,False,0.0,0.01508556746956329,0.012950529681352248,0.08668587536688376,3.4076012664800546,-3.3905483347714966
132,77.49549639787412,False,0.0,0.027557206315248065,0.010132407447598125,0.07995592975592947,3.374534115719733,-3.3614013076202967
133,78.08430872990652,False,0.0,0.001257500345465192,0.004794821387201128,0.06216685426439281,3.3403313313774983,-3.3345739195577653
134,78.67312873092587,False,0.0,0.027709967906080955,0.0026098900827982137,0.09461920495076252,3.3292766394819315,-3.311198723161477
135,79.2618751066814,False,0.0,0.023316143405656867,-0.0010533283545432531,0.051362465676847185,3.3186088725417195,-3.3194316500960293
136,79.85057563921846,False,0.0,0.012950469487409952,-0.0062902763121110185,0.0032801354896528356,3.3067089957872895,-3.360542522812843
137,80.43934471819864,False,0.0,0.05491769046435839,-0.005884749562066936,0.036598202383200246,3.2929688051753536,-3.3998309917446776
138,81.0298920978207,False,0.0,0.0386550336508146,-0.005981236306085708,0.10801469329987154,3.3308405072738694,-3.3796478483848595
139,81.62194865236852,False,0.0,0.01151129092106168,-0.0024271232050167395,0.08263038177649976,3.370162682249733,-3.3419818626988036
140,82.21304212548827,False,0.0,0.04801511909379947,0.00422810890342849,0.005828261125614775,3.4064608929191,-3.310078851170751
141,82.80508428953067,False,0.0,0.08229216042246588,0.005382851072618248,0.07622923223565886,3.4387776905280845,-3.2783203946083215
142,83.3996451165023,False,0.0,0.1135511162244026,0.00367561769495569,0.26418238867039623,3.4318896227129745,-3.2488554183089184
143,83.99831322801113,False,0.0,0.11398377077595286,0.012650226606762276,0.39673656758941545,3.4221902625265868,-3.2166116515055774
144,84.59921925882882,False,0.0,0.09793960745477821,0.02900536218647773,0.4229814400935647,3.4094365015734662,-3.2031435148457645
145,85.20234751958914,False,0.0,0.08723421575279884,0.05088118725948927,0.33788826191016863,3.39096365034962,-3.201936140429759
146,85.80423018376025,False,0.0,0.08063372841702615,0.0698932056963254,0.26972220294752164,3.3609144313688333,-3.224809714889223
147,86.40116722950596,False,0.0,0.07585061361141199,0.08348060032290489,0.31201986805594406,3.343959362705672,-3.2614607598347027
148,86.99223380720925,False,0.0,0.07431210804102859,0.09577801666131633,0.4111355154385391,3.3178358113270585,-3.3139273126443594
149,87.57851210597899,False,0.0,0.13806051515289253,0.11329301648455928,0.4649090225666059,3.3358628256584417,-3.4043988443787625
150,88.15957778517698,False,0.0,0.10571847802009131,0.1349575879562227,0.4363126635943867,3.3838934399713723,-3.4966223354116046
151,88.73148416443061,False,0.0,0.08059276711750356,0.15739828436566083,0.3428579246996954,3.4831535110775675,-3.71875952900058
152,89.29602966259677,False,0.0,0.16470297717732169,0.1761314586439844,0.27358456473199955,3.4923280083744928,-3.7962802123208164
153,89.8608653449802,False,0.0,0.20121885559362435,0.18985051792756175,0.21401257042862115,3.480765759106774,-3.8707424214275306
154,90.42724883034566,False,0.0,0.2009220051040059,0.20229550886141612,0.11538767505157017,3.465732874648978,-3.876499400702224
155,90.99266446417963,False,0.0,0.1502860959661484,0.21046065357053254,0.03126965239878554,3.455763309888793,-3.84895813155819
156,91.55141963276962,False,0.0,0.11310355106426155,0.213384786508167,0.04540787162039706,3.4929216130367187,-3.8299444344235805
157,92.10761489889481,False,0.0,0.051391489190953946,0.2134489817871783,0.1102685339933126,3.5399821466336676,-3.807789698353355
158,92.67225852229377,False,0.0,0.02176032420393833,0.20902407063392225,0.11346844864991636,3.787026513345104,-3.765586040766099
159,93.23941964437141,False,0.0,0.05367658539566062,0.20277763807789195,0.10665128059711347,3.801065677076001,-3.761200437497624
160,93.80926605730808,False,0.0,0.09597644058650183,0.1980250593355744,0.08626482193294967,3.79173625253409,-3.81494056764301
161,94.38575416253047,False,0.0,0.09456256634047554,0.19239151166225357,0.01996377468833532,3.7567440257217153,-3.782451968232128
162,94.96615953373288,False,0.0,0.0668409677477204,0.18956601091753825,0.03986698967230968,3.6583407574427613,-3.7655058079353014
163,95.55364968312676,False,0.0,0.10488379512438305,0.19041825718037714,0.09395618555851572,3.62605306196189,-3.8324151432989715
164,96.14263661236491,False,0.0,0.1455278658436182,0.19353582113210732,0.13539174799143883,3.612344723577352,-3.8414859357398536
165,96.72158052221673,False,0.0,0.07108556186743137,0.19972616731969567,0.11769069423024209,3.5793956011490566,-3.8368942952969336
166,97.29383028487081,False,0.0,0.026731964886044284,0.20679820202464383,0.030988378494054565,3.5644039840746378,-3.8201597118591413
167,97.85737193895824,False,0.0,0.06346148200956564,0.2111367798756876,0.10746617101691552,3.5273776273138977,-3.692833545263271
168,98.41570930415277,False,0.0,0.07104158139699797,0.2097709979268968,0.22598662487451074,3.5644444345633577,-3.720833319925858
169,98.97194096194927,False,0.0,0.1656455085381803,0.2009082342842311,0.27083216786225456,3.4638368448277927,-3.6769370308560285
170,99.53154336502813,False,0.0,0.12145038218983793,0.1883287443549933,0.2891554824777823,3.4830223079365314,-3.6578008893286422
171,100.0955843603246,False,0.0,0.1738664335757938,0.17519817713597935,0.32954523144583514,3.47968779270171,-3.698612606220978
172,100.6623220303108,False,0.0,0.2526472477697014,0.1609115660862464,0.38953927604035316,3.4006466967770805,-3.667754548197348
173,101.23154094816391,False,0.0,0.20936153729554166,0.14405177739085645,0.40611736974889107,3.24914337598966,-3.5617829603339173
174,101.80618304014573,False,0.0,0.1148534505574413,0.12413672013389127,0.34152747999802024,3.2395416398276726,-3.480860619810139
175,102.38849143053649,False,0.0,0.05605808920125097,0.10556090546778518,0.27081670061425644,3.296649124878907,-3.345220226059999
176,102.97388981138941,False,0.0,0.0678014075383671,0.09166987183257098,0.2944925330103567,3.3365472327783294,-3.2603622542112856
177,103.5602182268999,False,0.0,0.09009970090769837,0.07985407966146252,0.40296697477682786,3.345363423907024,-3.159744287413102
178,104.15288521817476,False,0.0,0.14150522968983523,0.06365932838057589,0.4121889704527135,3.3494371442249884,-3.085486303978408
179,104.75356232531611,False,0.0,0.1319350145836115,0.041204884988193635,0.3103719300824602,3.3472074369861846,-3.10494527507528
180,105.35946950578263,False,0.0,0.08277560716927387,0.02379709439302713,0.24809273767034526,3.342526620832373,-3.1437864259210166
181,105.96214077214862,False,0.0,0.05517258917293981,0.011201186826073673,0.18952588006371257,3.3372324426083173,-3.1851825728293277
182,106.55940380776023,False,0.0,0.047900256033682795,7.984371467074274e-06,0.11569315245549563,3.3279553737228693,-3.2074220241455533
183,107.15759194637803,False,0.0,0.04211428763273423,-0.006899208188885497,0.043264718484398224,3.3117752060195813,-3.2293564483044537
184,107.75279792532922,False,0.0,0.033702715120064515,-0.011022391361408385,0.08744788978430863,3.2977359882799546,-3.2483150189847407
185,108.34337276831396,False,0.0,0.02158625868223507,-0.010997998194116565,0.14485455181208193,3.2928999974142457,-3.2604882913964928
186,108.93277674778709,False,0.0,0.008998349771205505,-0.0027785308528021357,0.05788563423053463,3.29169732349928,-3.270090635847335
187,109.52206257474381,False,0.0,0.002830254598118482,0.0026423547246652037,0.01644743678393572,3.290486110770203,-3.2808239039773417
188,110.1114003869559,False,0.0,0.0069074787428512014,0.0026717301830843686,0.03225750849838838,3.287491672535907,-3.3023915237696224
189,110.70065918614856,False,0.0,0.00853778606413831,0.00109376517231104,0.013285079353295641,3.2853939909354626,-3.332057290674636
190,111.28987837872258,False,0.0,0.01130338186224499,-0.00036512389751267135,2.0606940688526615e-05,3.283344553831838,-3.361103662382206
191,111.8791103140966,False,0.0,0.048286676844683706,-0.00015691326297217036,0.009861955089798745,3.2787582282233356,-3.378188813881811
192,112.4683430958213,False,0.0,0.04467495030874599,-0.0003631839031175846,0.010982133248986151,3.2745426933389172,-3.3471573634651337
193,113.05748527328173,False,0.0,0.00108964128426092,-0.0010852741818430378,0.025741843860987084,3.27448025620935,-3.310496311920919
194,113.64661588916532,False,0.0,0.025902256780945827,0.0006705360782975037,0.00895769650282182,3.274463453100802,-3.2742363285712974
195,114.23576042902953,False,0.0,0.019631534296226955,0.001337745554240691,0.033740582578705235,3.271746485541589,-3.2391229137270576
196,114.8249208131967,False,0.0,0.014495256505416264,-0.00017265177066004897,0.018584795519327485,3.2689298992277256,-3.2303015735214653
197,115.41411012347307,False,0.0,0.025852779124325504,-0.0018383802823272836,0.01507441308433569,3.261064301259536,-3.220711394290034
198,116.00333291917696,False,0.0,0.026766661480816963,-0.0019222008623565722,0.025751077706923847,3.2486193955108575,-3.2116790379212787
199,116.5925911099795,False,0.0,0.013004081785751008,-0.0004192111397590129,0.012219681682857638,3.236549430646354,-3.219127604801521
200,117.18189889056093,False,0.0,0.005622625092471478,0.0005022885004334571,0.05162011269733029,3.2250351482213966,-3.226467338923876
201,117.7712673129134,False,0.0,0.02010882039793408,-0.0015698139309251033,0.02748677373905711,3.2129943531105525,-3.234452028900504
202,118.36070785327878,False,0.0,0.022106355417179393,-0.004358836163866817,0.03902113867236285,3.2005493039443524,-3.242390440054201
203,118.95020769035627,False,0.0,0.006667111053616147,-0.004158574055161419,0.07529269942343485,3.1952502192090404,-3.2321258361746596
204,119.5397306670445,False,0.0,0.008065671294780445,-0.0006835055817720418,0.049876718274434434,3.193861701585759,-3.213393188083023
205,120.12930110533857,False,0.0,0.009093594667264861,0.002933522417286957,0.004460997682454436,3.1924281023188907,-3.193542695625216
206,120.71879943890406,False,2.6767118904327468e-05,0.00036223567287989745,0.0040144575139991244,0.02605001267539896,3.1884695593966885,-3.1845757452335977
207,121.30826946909507,False,8.515884642141045e-05,0.009812210377612804,0.002513367764808887,0.00979466089585263,3.182479494920757,-3.17889617281814
208,121.89775584191295,False,0.00020754414187714243,0.011819619999527632,0.001560980770910679,0.026198756229248495,3.1765981470874687,-3.1730348868611777
209,122.48726506877387,False,0.00045399786195569696,0.0051333770427218015,0.0034358931289251706,0.05157157813199814,3.17103118155287,-3.166723000183312
210,123.07678180792215,False,0.0009308346303485483,0.0028674360311465212,0.004028610479384704,0.10988830940952117,3.165008123252753,-3.161951925566415
211,123.66631712745682,False,0.0018172398704974094,0.006638112829581434,-0.0014216335937288589,0.03638630301283653,3.1610997896849593,-3.1592559754026013
212,124.2558640216863,False,0.0034003936946215233,0.004000653311134299,-0.006322171076437609,0.07582328239173654,3.1561327916037243,-3.1575020395362423
213,124.84550366485152,False,0.006117096520712703,0.00020918894416247386,-0.004849290122691833,0.1311057464498777,3.154082651166252,-3.153175937381153
214,125.43555460258051,False,0.010596182256260382,0.004543930527337083,0.0008235483437510224,0.11130468674892462,3.1567535715186215,-3.1422261231337165
215,126.025413857093,False,0.017691385446501333,0.01545661966703285,0.007508795308310524,0.020221500733568105,3.1580198060874505,-3.1311339748208242
216,126.61496784893055,False,0.028490011931350746,0.02022065618911643,0.011311218982343562,0.0473804457824038,3.1544172305997873,-3.1253638973319626
217,127.20426552980793,False,0.044280677027202314,0.012968511638717773,0.009413348887110005,0.010528288027442278,3.147373652442934,-3.1228385791317876
218,127.79335172779862,False,0.06646573390701561,0.0003294546738639388,0.006850381188139026,0.02428917817441081,3.138353566213192,-3.121755766239045
219,128.38230798889856,False,0.0964124283328062,0.011172864596868082,0.00842241340391917,0.11913811855667196,3.1266084360972144,-3.1236061029218964
220,128.97134232161847,False,0.13525119732980018,0.014636419955486858,0.004564531112934988,0.13416970871415096,3.1118772405246613,-3.127937228756893
221,129.5607681296019,False,0.18364728362161295,0.013882152988838202,-0.0027938666337818264,0.3229883331006817,3.0957193236677316,-3.1339103929341388
222,130.15106224606564,False,0.24158791843731262,0.02002683387276037,-0.008080364841221398,0.16190949529318321,3.0822575355770603,-3.1410633010776814
223,130.74245591612348,False,0.3082355125549668,0.036531368764257104,-0.03330408868428403,0.2910762616243437,3.081653413149226,-3.1408101228829013
224,131.33539091743785,False,0.3818924953335078,0.050238166271369414,-0.02340541023683472,0.3628363143307722,3.090891429761119,-3.1319575370292085
225,131.9312604087812,False,0.4601041715560248,0.013585121741862083,-0.005641168111612983,0.3418733597411558,3.1036180393257102,-3.049783187954683
226,132.53824723124202,True,1.0,0.13880539499692632,0.011462515663357395,0.39062842442254747,3.13820023035961,-2.89109341520442
227,133.13313056801357,True,1.0,0.17660711264382273,0.027186011502129077,0.16583029391881204,3.136261976727678,-2.8243718020344355
228,133.72516205323925,True,1.0,0.16466008203154445,0.048563259004077,0.1826847794828755,3.128574433316069,-2.7940533340681926
229,134.31281098441113,True,1.0,0.16818234800082424,0.042845789800363035,0.4116286315604412,3.1137718283580558,-2.7825362049729283
230,134.89433154646585,True,1.0,0.16562251919442222,0.06571820267804201,0.29794224451788415,3.106519812112448,-2.816740325633075
231,135.46461402887786,True,1.0,0.1070664868848265,0.08095943169017189,0.22572009014427596,3.07563609527997,-2.910873211859893
232,136.030571767288,True,1.0,0.013281188795596807,0.09304412369455228,0.20564639888130348,3.032561322882509,-3.09195126277541
233,136.59024117282922,True,1.0,0.1394719388590011,0.1015325864270295,0.10738128170088956,2.971088604751238,-3.3200204386126626
234,137.14502742100848,True,1.0,0.35562441075978785,0.1116655258407801,0.05846859288054047,2.8681414949581225,-3.5308307536359136
235,137.69698316460196,True,1.0,0.46460500820416306,0.11120108027912376,0.15437881773957995,2.624565569966296,-3.625250876582252
236,138.248588740785,True,1.0,0.5675304152843419,0.10641136738227056,0.27097340750044274,2.566873772511525,-3.6856362480501565
237,138.80241140017785,True,1.0,0.5534120768515783,0.09732623972368129,0.3543166671043347,2.499911006348861,-3.630230185243254
238,139.36057385320066,True,1.0,0.3487652951850846,0.08199144092547146,0.41023383648196843,2.4096524004418556,-3.431954106706989
239,139.92457270777086,True,1.0,0.14059041575908154,0.06521846512198565,0.4498333116052758,2.3426483810635985,-3.097117098433897
240,140.4950043989526,True,1.0,0.06962081702205604,0.04456540099527009,0.44933133694259386,2.2803090675527304,-2.6775376004649094
241,141.07148182552672,True,1.0,0.14423395896755248,0.0238605286104396,0.45172204841785646,2.2185647998100513,-2.5080413537413313
242,141.65254164588825,True,1.0,0.09020414534999063,0.002967468627578773,0.49099586172090437,2.3613884364176982,-2.4378267254116177
243,142.23611051052995,True,1.0,0.0492258332889887,-0.018177396577335275,0.5282336627696056,2.4731450162002306,-2.3956022913668615
244,142.81963704467216,True,1.0,0.16261630702648572,-0.042853264046384475,0.5491499323195114,2.659821656023657,-2.4063190277929145
245,143.40048801590677,True,1.0,0.2714799836283909,-0.06747517525755664,0.537464718418785,2.8203077340699845,-2.5387986969889966
246,143.97639538741487,True,1.0,0.3531729200565429,-0.09400400400746131,0.4902702211541609,2.9420612603817533,-2.7179460495504273
247,144.54571070016414,True,1.0,0.18948806657802342,-0.1173450687897097,0.46681416365664485,3.0224036305711763,-2.887933638273676
248,145.10750119616694,True,1.0,0.18522190276025946,-0.13929615047054644,0.516604119254301,3.385659813258477,-2.9671160785683384
249,145.6618203433344,True,1.0,0.34887307266263057,-0.1602798569665389,0.1316443315951875,3.4889616108223622,-3.0596201577307536
250,146.20930542936696,True,1.0,0.18914879090544978,-0.18675142827584937,0.05673620002485878,3.510585179017462,-3.1262435259490213
251,146.75126506280617,True,1.0,0.29466003977134936,-0.172251211333105,0.3565760882824355,3.8528824018381886,-3.1643021959107456
252,147.2899238246609,True,1.0,0.2775724010357566,-0.1919347753973537,0.2247943928123282,3.893118773953146,-3.1998653548667155
253,147.8273540725829,True,1.0,0.25752720251017175,-0.2046745058454342,0.11930286978034631,3.92465240751904,-3.2421918210379075
254,148.34949175801032,False,0.4601893304024462,0.13921872941643584,-0.21224899123544577,0.03268547192197204,3.862315123281659,-3.2840542334251244
255,148.89769947524766,False,0.3821000394753849,0.09538862330962421,-0.21559070898502422,0.35686662888495624,3.842426215846975,-3.302492307972882
256,149.4537389925498,False,0.3086895104169225,0.029030444157418542,-0.21534699638918198,0.3039920165727838,3.874348852995503,-3.4441427870878263
257,150.0145848469933,False,0.24251875306766116,0.02669583794825479,-0.1817013687286971,0.0011052079210727413,4.0616838491794285,-3.4176778049916816
258,150.5786000033258,False,0.18546452349211034,0.07488442293420478,-0.18623123959044569,0.048693046226860486,4.0970385596875145,-3.910384114745799
259,151.1418926044259,False,0.13865159102442168,0.14833503635907552,-0.18180624191428213,0.07637952146162434,4.159699575650969,-3.932027877165009
260,151.71640773360232,False,0.10252952485351889,0.14794603381198496,-0.18156281186159023,0.23701406803581704,4.288882298003776,-3.958228874550011
261,152.29571710699204,False,0.07706191616327598,0.10338762456461942,-0.1744031228145407,0.361604886932112,4.412630359489234,-3.97369235054937
262,152.86709264669,False,0.06197206247370365,0.09894862329142814,-0.15874873339809698,0.4267870317787734,4.352210391036376,-3.978396607181643
263,153.4503250483859,False,0.05698002386270149,0.11379907081991025,-0.13971791994990052,0.4646096302523848,4.2885672352042175,-3.9789448697184926
264,154.02928230660348,False,0.06194529535479932,0.13082869735126504,-0.1178844318430831,0.3733896540177237,4.112412362410177,-3.904909158312965
265,154.61141992783766,False,0.07697675731685458,0.12162241825216505,-0.09564093599603546,0.26129178128462455,3.998778912962909,-3.7705227842952596
266,155.19665511169433,False,0.10232198071164175,0.07070587020210203,-0.08248826732759248,0.2367617454509858,3.9282178173287243,-3.841894529261321
267,155.78849728494356,False,0.138197593162466,0.058161113663308846,-0.07079366711946028,0.17811911138103104,3.846318403451918,-3.8972586921383394
268,156.3853922604705,False,0.18453368886176177,0.07403263463985268,-0.05981821180223667,0.2476995970794036,3.7894899987356814,-3.9823412707857213
269,156.98943087525376,False,0.24070151319716374,0.10304982832095047,-0.05359711952227509,0.11356324967850819,3.760106881008972,-4.056539936873417
270,157.59854290050285,False,0.30528911672230097,0.16333006667027472,-0.0357224231524903,0.1708445458275654,3.74598417485452,-4.099571642961424
271,158.20730032787768,False,0.3759829429546722,0.1933639026575146,-0.04250678024971016,0.22410808294859114,3.7496302557301178,-4.131470766620512
272,158.81342273899799,False,0.4495931481461858,0.21690197583371834,-0.05235586788766128,0.24654023314245313,3.749228655208864,-4.15340468950962
273,159.422995250023,True,1.0,0.22452197569252172,-0.06437635462339938,0.2476675148684164,3.7632276477051883,-4.172409076827334
274,160.03045439011802,True,1.0,0.16403777587731697,-0.0764799626394312,0.08756130854836774,3.824140111244844,-4.125951310604146
275,160.63416589687483,True,1.0,0.0759479515496055,-0.08856997825219061,0.15500773670494356,3.860293757572747,-4.058831155721572
276,161.23245382430562,True,1.0,0.09318301171967769,-0.0849770056473361,0.3573029872396878,3.9157919088645268,-3.9727326376416965
277,161.82363300263594,True,1.0,0.1298578251669675,-0.10352085474356065,0.33594113346786947,3.945070855218543,-3.8747151136903994
278,162.4066196445352,True,1.0,0.15547178449441523,-0.11906298976841456,0.41307942687472116,3.997095665666065,-3.7570883995559363
279,162.98067261051835,True,1.0,0.19167840509848166,-0.1352959162584099,0.17607933008484733,4.0442842883200925,-3.7309139900384816
280,163.54589749217288,True,1.0,0.2177591112190552,-0.15783846113468625,0.0950785665736503,4.041755096374597,-3.7153037380097973
281,164.1030365283416,True,1.0,0.1913768720537258,-0.15161112144155045,0.30264870125059423,3.94939600145183,-3.6776399699083013
282,164.65324306132172,True,1.0,0.1479459401709665,-0.1666092389762056,0.2397154840906898,3.871527633912458,-3.639868060793654
283,165.19798530791593,True,1.0,0.13090747146560455,-0.17926172749680663,0.16151596178417577,3.86243501876749,-3.6147284543726204
284,165.7470290755042,True,1.0,0.1451826556049161,-0.1886463537007946,0.07975771659251252,3.860880582497397,-3.647212308877189
285,166.29131416866267,True,1.0,0.18743098164666427,-0.19415659172305882,0.3038916440728687,3.833494246408798,-3.6462139665066404
286,166.83821857873582,True,1.0,0.20429956828960408,-0.19601790792263946,0.4502152231269863,3.8125853764979016,-3.6233681902879167
287,167.39023783682782,True,1.0,0.20858552217836865,-0.16606857791074892,0.3371460807973272,3.8309334379503737,-3.565524023752883
288,167.9493629348927,True,1.0,0.21184609259284906,-0.1540529678171709,0.4296603739136282,3.7796305700985715,-3.464538770848788
289,168.51697072837197,True,1.0,0.2207370573321213,-0.13460521608093012,0.4468704434599083,3.804844303641995,-3.4302849381409097
290,169.09383787527153,True,1.0,0.23285032136201397,-0.11362015797367363,0.4449952858622948,3.7459942147274337,-3.429658348877542
291,169.68004514187626,True,1.0,0.23012760187109277,-0.09220716730482509,0.43778652884248914,3.707722918955155,-3.402584559716331
292,170.27441858745553,True,1.0,0.19791602592108815,-0.07106168757873849,0.4566617547955828,3.6688233144539772,-3.354942502690362
293,170.8753185788119,True,1.0,0.11832347932252116,-0.05005193218039138,0.4736169300849288,3.6322585586934752,-3.4478208652568054
294,171.4806460150958,True,1.0,0.033961671434570864,-0.02687479968925548,0.4760698475688177,3.6049862459909146,-3.5251436487263783
295,172.08797854265347,True,1.0,0.01561440958766886,-0.0041026533732324705,0.46191798650056476,3.6064636300408353,-3.598758385408065
296,172.69461213664127,True,1.0,0.030380357406938934,0.019308636426215463,0.44532275819067846,3.5994149998228706,-3.7209561409260323
297,173.29849364561034,True,1.0,0.14314549945828672,0.04060269149730117,0.45667976247817527,3.574872780509977,-3.8421826551507805
298,173.89728022234274,True,1.0,0.21208891793332718,0.06221969187393933,0.46251704037894764,3.540902694700231,-3.971432223307167
299,174.48881233572558,True,1.0,0.2242857671806644,0.08431423650666706,0.44592128738876835,3.5131127153205,-4.080136754398531
300,175.07134284870958,True,1.0,0.19592904385976764,0.1061111457178191,0.46979822297432333,3.462599475653039,-4.162347535594442
301,175.64507270473902,True,1.0,0.15357111704739856,0.1262541057285366,0.11504742499510992,3.400940484416091,-4.099053990405581
302,176.21094190232998,True,1.0,0.12086874482623913,0.15003206053609502,0.013631622605738308,3.381514319868987,-4.063062483720613
303,176.77074371900488,True,1.0,0.12415928731459112,0.13689003179478168,0.2847207609208071,3.395017760194214,-4.074926849194188
304,177.3265339639302,True,1.0,0.19490484156034107,0.1512917334828437,0.17608244681225382,3.3166771610025503,-3.8931816076620827
305,177.88075288651584,True,1.0,0.27518519637167715,0.1630603267363393,0.04949970586121753,3.2921129132461746,-3.8018261770298385
306,178.43202460321967,False,0.4601041715560248,0.17340100215227702,0.16749603365289784,0.06783012619595052,3.3184130567475383,-3.697133236845393
307,178.99313040955766,False,0.3818924953335078,0.07186755337761234,0.1676493665264785,0.48090404960922534,3.288230438852312,-3.540712658510371
308,179.56119367743682,False,0.3082355125549668,0.08252867755081995,0.1611086702232573,0.4433872556713929,3.3628284868276537,-3.432757052196859
309,180.1381646371866,False,0.24158791843731262,0.054098839746074746,0.12214615947552196,0.10793910994914849,3.327729955328979,-3.3697815601608396
310,180.7176664927146,False,0.18364728362161295,0.036561708989207374,0.11883003872511182,0.14210009156677333,3.3179074720772497,-3.3335038348679333
311,181.30060169251846,False,0.13525119732980018,0.04054535826035685,0.11189925462639441,0.11153548393307348,3.348732757793188,-3.334203803695049
312,181.88594467414202,False,0.0964124283328062,0.05470629764976315,0.1052971595758964,0.13346951144278693,3.3521159025979754,-3.2755367622140783
313,182.47402521658162,False,0.06646573390701561,0.07532156601404158,0.10125145719992892,0.24586580233023875,3.368936225906321,-3.265053018754054
314,183.0665761325337,False,0.044280677027202314,0.05108610213530258,0.09250849308400444,0.2872321086795953,3.3651380651106977,-3.2970899719976923
315,183.66210061534903,False,0.028490011931350746,0.03798835916539128,0.07761224485473836,0.22849091720428774,3.3321360371190605,-3.3355024772458752
316,184.25795563779744,False,0.017691385446501333,0.032777120031708906,0.06489481145137434,0.16761128444200177,3.3735592517887265,-3.411822595866
317,184.84990711751408,False,0.010596182256260382,0.030718695678381962,0.055772811904866576,0.08650840662378172,3.375000982612696,-3.4625829035051865
318,185.43595495046623,False,0.006117096520712703,0.04713312566086194,0.04903718850517015,0.0027686922851750764,3.5326910880255284,-3.482899670787364
319,186.0226324211402,False,0.0034003936946215233,0.05697910018861416,0.04763309492562355,0.014800119468078288,3.5726900024333896,-3.6393453456046885
320,186.6114822892366,False,0.0018172398704974094,0.06796193755903271,0.04877618333995705,0.004318429292196148,3.6189216053209923,-3.686461981429414
321,187.19882309145243,False,0.0009308346303485483,0.00552442774507431,0.04902904081332135,0.06335463736717609,3.7572819219398643,-3.719524706427481
322,187.7858933338016,False,0.00045399786195569696,0.02366630783412074,0.0483694783268175,0.17130138386014315,3.794316953996579,-3.788476758905137
323,188.37316652937656,False,0.00020754414187714243,0.027730025144436413,0.04306512412700282,0.13309389030588467,3.8561730496604603,-3.8104726708346224
324,188.96074741744283,False,8.515884642141045e-05,0.03767931256592337,0.032249725964286435,0.022540894220466557,3.876830177707851,-3.849208263435979
325,189.54920137971382,False,2.6767118904327468e-05,0.010233962657462107,0.030533224500955625,0.04264483191422699,3.889009042421867,-3.872834734468706
326,190.13878572823714,False,0.0,0.034972805130298885,0.03437491715487191,0.023204451241924967,3.8718333541437935,-3.8492914666071267
327,190.7291466385919,False,0.0,0.022065434987206544,0.03455993151346068,0.24821486242840307,3.853980915503328,-3.834142016536432
328,191.32622067926732,False,0.0,0.039664666454070234,0.032169965534964304,0.5320380014262133,3.812402769790715,-3.832290305719522
329,191.92808396459517,False,0.0,0.10677506653668059,0.010765232372781063,0.49500136353091745,3.752508660855396,-3.842745817105472
330,192.53018249459657,False,0.0,0.13369572322187204,-0.01902354826532216,0.3638575726684921,3.690536936863023,-3.8310727256771937
331,193.1314300790867,False,0.0,0.12230670191749997,-0.036847892273387195,0.338132360566922,3.6228337008608724,-3.81749507679879
332,193.72707459455034,False,0.0,0.08869692752339942,-0.05389274348318654,0.22857108705146134,3.5810123469222592,-3.777829481932407
333,194.31728029204177,False,0.0,0.06018307361629285,-0.06902983350330333,0.2168937400279948,3.5585226798678007,-3.7198798225843626
334,194.9021682572039,False,0.0,0.04555165067359539,-0.07549771274430786,0.29226698782604343,3.5644040990571653,-3.686450256645947
335,195.48192149566964,False,0.0,0.04473284305245493,-0.08941514063692464,0.27588390356390047,3.603373874435817,-3.634207489216018
336,196.0573223464254,False,0.0,0.024717754669771157,-0.10282018823630312,0.35598546213266885,3.665951313911561,-3.5951446513691807
337,196.63144053187807,False,0.0,0.08060899656390604,-0.11518318349077161,0.4274236934518973,3.8174918455522575,-3.5176007057927077
338,197.20736899163174,False,0.0,0.26473215458948873,-0.1362895924031669,0.3594573235585607,4.021229719447064,-3.5451587493494974
339,197.7798919831152,False,0.0,0.32511016278036786,-0.15557581743782306,0.24568306221944955,4.283177200397881,-3.53727829730222
340,198.34516097963495,False,0.0,0.17416874783982197,-0.17021271941065938,0.08092898874175823,4.683141421041012,-3.489216150120326
341,198.90767900171366,False,0.0,0.08189977378735912,-0.17871467650709144,0.038510172966474604,5.117790791277845,-3.4964999456706716
342,199.47565254373276,False,0.0,0.07441808593113218,-0.17788071198959043,0.0329466615864184,5.239375807022177,-3.4967015137253914
343,200.0514454298167,False,0.0,0.07638667665765639,-0.17501721745165758,0.02649154945559399,5.366672480815352,-3.476593758183199
344,200.63327527446828,False,0.0,0.05465580760235301,-0.1746800895045349,0.09724612178011442,5.427239415728819,-3.611753500174199
345,201.2184253001063,False,0.0,0.022116263321337613,-0.1776115454836043,0.14025418807525625,5.258862697072603,-3.6989110205413245
346,201.804151891651,False,0.0,0.05362611158370462,-0.18425172081130678,0.1603951989803107,4.8502884504939345,-3.7663240908778435
347,202.38710117146758,False,0.0,0.10637447219281454,-0.19142969632088086,0.25482820753642466,4.417245603522637,-3.8121694712042187
348,202.9651584970871,False,0.0,0.1505943572101436,-0.20001995843354523,0.2504714644788428,4.101578037766718,-3.8064073646275114
349,203.5388802922631,False,0.0,0.13987439034069715,-0.2164620927432683,0.015518627073645506,3.9068247865635897,-3.8261267611759373
350,204.10126733635292,False,0.0,0.0640157387037228,-0.22441926943092264,0.21554161846182876,3.8099342781383494,-3.8392720673909295
351,204.64271057648946,False,0.0,0.05247281824706372,-0.21793548185227835,0.36022899570577965,3.8360845604986573,-3.8547566657033236
352,205.17000624306297,False,0.0,0.16467497862517022,-0.20464341504059413,0.4019414855190973,3.977811615373971,-3.828536097871356
353,205.71697560062623,False,0.0,0.2600879985107981,-0.18497284126625457,0.2441461603277974,4.201299422022726,-3.755456203938133
354,206.2866354227482,False,0.0,0.25023521451899017,-0.16676754896833362,0.1129084727093936,4.503738417211356,-3.7386366658183636
355,206.86425737884315,False,0.0,0.18182903742620732,-0.16150529994980165,0.11272219954446426,4.949004407316789,-3.7316252446662443
356,207.45006968807456,False,0.0,0.08665176280004673,-0.15583055802714507,0.03922863258794081,5.346022930766219,-3.701144357241105
357,208.04151246015087,False,0.0,0.036338640064065654,-0.15048530220450407,0.04127189122735263,5.625893177092826,-3.695147709954435
358,208.6337602385746,False,0.0,0.13193388792973235,-0.15197844424354856,0.013462530914074448,5.656640010849186,-3.6221312255666307
359,209.22356645285637,False,0.0,0.2072207908840733,-0.1545298456548849,0.027044927317741524,5.54782166381309,-3.523713881702089
360,209.8058858292396,False,2.6767118904327468e-05,0.23716505369269886,-0.15328665717340859,0.07500588640968742,5.365491037649504,-3.4313027103072797
361,210.3794297571412,False,8.515884642141045e-05,0.20771289707051807,-0.15193747975163543,0.23350090916325944,4.870498437195232,-3.386729494645379
362,210.9493078116504,False,0.00020754414187714243,0.12420061461734905,-0.14618568036689022,0.3893347063167944,4.714429794843679,-3.221033203568381
363,211.52240010402744,False,0.00045399786195569696,0.16652165942185396,-0.12992738380146898,0.3521830331759769,4.5499872440138125,-3.361334769355761
364,212.0948080616762,False,0.0009308346303485483,0.4237486047997072,-0.10960975491125328,0.17436206395286635,4.411067490077533,-3.473775982735165
365,212.6619089748153,False,0.0018172398704974094,0.3352156461302824,-0.09719213307075972,0.03308130787164533,4.26939550804344,-3.542390554824692
366,213.2261461388001,False,0.0034003936946215233,0.12997904455182127,-0.09358373231883615,0.0814904784587242,4.058789787169423,-3.5502309633989175
367,213.7905261087068,False,0.006117096520712703,0.0948932585766258,-0.09416484058975971,0.008925593058120608,3.843903123214515,-3.5315996018633022
368,214.3543860870154,False,0.010596182256260382,0.014511763753728752,-0.10104096352791418,0.1940711573093951,3.7433046013178717,-3.512282616119391
369,214.92100406266982,False,0.017691385446501333,0.08261441106772625,-0.09498256118996334,0.21793580002742347,3.653295070437065,-3.4749741102225613
370,215.49510041676817,False,0.028490011931350746,0.15701537458902973,-0.08310996658169244,0.17231311197951968,3.6052485146784603,-3.8997804249478536
371,216.07566697783736,False,0.044280677027202314,0.21675779112855,-0.07464521259914927,0.250164791421713,3.5885364404898996,-3.9531646085205914
372,216.6652979426159,False,0.06646573390701561,0.19397244807200778,-0.06685346430453395,0.31624866008800484,3.606632645717337,-3.973265356251773
373,217.2614152755509,False,0.0964124283328062,0.11379952880378802,-0.05079603242169525,0.22838535575340804,3.639497159535432,-3.9366535697908165
374,217.86128359842093,False,0.13525119732980018,0.053870152500016026,-0.03650407193332032,0.07484928007394458,3.660918523690881,-3.8725299957745944
375,218.460777516866,False,0.18364728362161295,0.036367778641553085,-0.02885613499335657,0.33207290406390505,3.673065585145233,-3.742493833540038
376,219.0546913130374,False,0.24158791843731262,0.07515671164587796,-0.029355423989411985,0.45320941282638705,3.7005992420118816,-3.642781495945094
377,219.63801514526932,False,0.30820874543606247,0.14660242513112007,-0.06019254684297935,0.12744750780086242,3.7002729460447985,-3.48225268182189
378,220.22051512063945,False,0.38180733648708637,0.06636595792142619,-0.07174848823992314,0.1340707589154202,3.701153265995187,-3.4008217549240456
379,220.80499290397017,False,0.4598966274141476,0.009893535562482144,-0.07215853682582768,0.30131683077610777,3.5490736163503214,-3.377012203421372
380,221.39008370903778,True,1.0,0.0788052772637371,-0.05913998050941994,0.36297012715705906,3.5147320783760403,-3.2837462299691875
381,221.97981732785436,True,1.0,0.16163644718804293,-0.043718240648110224,0.06363706402495366,3.467086197369661,-3.1394518670293654
382,222.57125588758228,True,1.0,0.12167589284627604,-0.02478751464368493,0.11533492816739227,3.395240179256623,-3.1227317308767395
383,223.1653793539284,True,1.0,0.18324609308036877,-0.037674902526833934,0.46686937806664186,3.366948755040086,-3.0393042079995487
384,223.76274277591403,True,1.0,0.13366521405016252,-0.013802969514778505,0.43001329150989287,3.313806724340544,-3.044769432218715
385,224.36326655088578,True,1.0,0.12980447072322146,0.00703132505049646,0.4282100248184666,3.2747581304345403,-3.0485916741235926
386,224.97623455683276,True,1.0,0.1382621084701861,0.02789581482438718,0.40833370148356135,3.271158559406637,-3.072743604343188
387,225.57709195759134,True,1.0,0.11909552437072068,0.04861033441372998,0.28706297150615123,3.2463797647720605,-3.1243272277365657
388,226.17476023574287,True,1.0,0.10232413307599222,0.06714462631830334,0.3634685966886653,3.215570968172459,-3.19463477593741
389,226.76711812570463,True,1.0,0.10681367137830239,0.07607568860524638,0.521653874935723,3.2480797805483173,-3.3103886048356337
390,227.352445229189,True,1.0,0.13056995230928856,0.10174204549209451,0.5174596699990942,3.248744946171002,-3.506134559576631
391,227.92915106994195,True,1.0,0.2823852145420194,0.12531462596765092,0.529795583617266,3.3429553149855997,-3.685877213396836
392,228.4966343916441,True,1.0,0.3079590098195519,0.15027576851345265,0.4830498618015101,3.388923523515819,-3.8388144547976046
393,229.0548843420971,True,1.0,0.221138303282997,0.17471765305980702,0.39214995587192314,3.4127712371913126,-4.028319468534467
394,229.60503820893388,True,1.0,0.27980711546716097,0.19513250508292052,0.2831245457003155,3.4189740320901065,-4.04447559944871
395,230.1489324468641,True,1.0,0.33087583288203426,0.21107071619735218,0.16678154892445987,3.4093776199964285,-4.1003693825391405
396,230.6887541826062,True,1.0,0.3240262717480545,0.22137554090794,0.061301705372659214,3.380416997170784,-4.00561206212568
397,231.22702624193394,True,1.0,0.27529730629656995,0.22655418602780028,0.030511609643941673,3.492244224651314,-4.033454071012576
398,231.76606163413683,True,1.0,0.1889256783378948,0.22708287914308667,0.0892644794455841,3.5229883129676693,-3.934444512805773
399,232.30755498037897,True,1.0,0.11279593476630906,0.2237032757530942,0.022425562671084257,3.5486728086632624,-3.882551299758156
400,232.85259816566048,True,1.0,0.11398405612474419,0.21870847159624007,0.30941378695051835,3.5660414614138425,-3.912825458974295
401,233.40143024902827,True,1.0,0.10865053226981283,0.22158543464286423,0.33659219597941575,3.5925448955911166,-3.9350937220897895
402,233.95368504477688,True,1.0,0.10991976210017733,0.1896480504030477,0.019542007675681594,3.724748789929384,-3.9561038473679577
403,234.50908669659114,True,1.0,0.09560222066971115,0.18975146750818223,0.0551121722097595,3.787928751729695,-3.9414144171982777
404,235.0674958817061,True,1.0,0.13635257759494715,0.19148915587080217,0.07724206207173043,3.7899302937795656,-3.9403123066884405
405,235.65140894114273,False,0.4600774044371205,0.14310538212900495,0.19508830058383358,0.09074475784365671,3.8348095028726785,-3.9520955821736092
406,236.22705388395696,False,0.3818924953335078,0.15108692752328212,0.19907703837050475,0.29300867213990794,3.816047244700229,-3.9485147325709495
407,236.8019641704433,False,0.3082355125549668,0.14672286838270213,0.2039692499989138,0.4333721940546063,3.771845337964156,-3.943324886068268
408,237.37373644484325,False,0.24158791843731262,0.14140893291020254,0.1707439524888332,0.2989371614750733,3.679450238047433,-4.014036348175106
409,237.94487633677704,False,0.18364728362161295,0.14003120038932484,0.1622341801058564,0.4062246198602075,3.5517420993039823,-4.003958967247903
410,238.51776199077443,False,0.13525119732980018,0.14419083553555714,0.14233692434487857,0.41184195992544254,3.5860921767264418,-3.8765378857823847
411,239.09697862892548,False,0.0964124283328062,0.14603207824441763,0.12360042229999355,0.39875891566475785,3.6039918582620905,-3.7954410069284616
412,239.6844762806353,False,0.06646573390701561,0.12151248037405554,0.10300425333596529,0.32072049312677287,3.5934844553932166,-3.649458633565908
413,240.27550691165303,False,0.044280677027202314,0.07947591288405405,0.08538508679983975,0.3218631904486996,3.6371412043340627,-3.5504976926411698
414,240.86984154074503,False,0.028490011931350746,0.06239872259159993,0.0722528477797077,0.4057245646313333,3.7522460811986806,-3.4963356861136354
415,241.46697072945534,False,0.028490011931350746,0.09351475640798543,0.054501847004644985,0.4152214680335051,3.814321468509464,-3.471354771318586
416,242.0671262814838,False,0.044280677027202314,0.12451333352657055,0.03326383842925311,0.37310009662714455,3.8149890983698262,-3.470309228958282
417,242.66651947191724,False,0.06646573390701561,0.13744276683731996,0.014627649989017418,0.28088984962279756,3.798746543005985,-3.483672187543986
418,243.26412563166943,False,0.0964124283328062,0.14283796592534675,-0.002433531514863032,0.08666573419601911,3.776878254046863,-3.504533368694199
419,243.86143216740638,False,0.13525119732980018,0.1258865619938078,-0.012187859666698383,0.08361527726403731,3.7711989838433344,-3.5386719413936896
420,244.45969658546727,False,0.18364728362161295,0.10994281882349215,-0.010711547614355707,0.1632986761071092,3.7760950611382893,-3.5633339817293797
421,245.06021271072797,False,0.24158791843731262,0.10273287992582623,-0.004179456308820708,0.26680516970740376,3.7805971175384814,-3.590158705705262
422,245.66402974870417,False,0.3082355125549668,0.06748526115956752,0.005000035967226581,0.3166225411452137,3.8253503811331147,-3.6162138693026473
423,246.27158722780254,False,0.3818924953335078,0.0693841634121337,0.02164538752081483,0.262479777079275,3.9136373456548212,-3.642032420897157
424,246.88222949845795,False,0.4601041715560248,0.1220145176585483,0.03583775097116134,0.22525127867182612,3.934695097927267,-3.670550307332461
425,247.51137123376708,True,1.0,0.14535803341221853,0.047694741459332515,0.21474121379319966,3.9265775070812636,-3.6779162449717493
426,248.1183772948038,True,1.0,0.12532420245856105,0.0581614388377661,0.2342795984695179,3.882579255215347,-3.6990661220327463
427,248.72016637656705,True,1.0,0.13168267059277733,0.06854694244509729,0.3325644334629925,3.8083603041463756,-3.727471956900626
428,249.31458327956489,True,1.0,0.1360761684592227,0.08072633274027285,0.407203476822688,3.7389366242010844,-3.7995657466652304
429,249.89935588853868,True,1.0,0.21750065818749667,0.10024164915211692,0.420410766587265,3.6528849887672084,-3.837035730249294
430,250.4724239910478,True,1.0,0.27494089686247586,0.11900849222917492,0.4540745020191004,3.554714685007225,-3.9167307351757747
431,251.03213662763324,True,1.0,0.2915556321443833,0.13918080663899732,0.47930079113141527,3.4448704704549153,-3.9618967235188185
432,251.57743583099344,True,1.0,0.31265156653444676,0.16037471155902833,0.46398476826136503,3.468232749573979,-4.008299657533836
433,252.10803347947493,True,1.0,0.33775572917241103,0.1821190857916317,0.4091241310340947,3.4478744544300897,-4.042967380245826
434,252.62456936899807,True,1.0,0.3706873428397893,0.20126585597884575,0.3141765614307604,3.420141350870568,-4.0387968885428425
435,253.12870855937308,True,1.0,0.41516079646837023,0.21765903534683784,0.15601851437286277,3.3870520363953838,-4.025989945053521
436,253.6231867374912,True,1.0,0.4708299281723866,0.22821900522709393,0.03703559797214465,3.34376325799627,-4.0800751447013335
437,254.11298721464178,True,1.0,0.5306124236459349,0.23093572399106202,0.23141059498680455,3.2890375723285934,-4.109321782646696
438,254.60135145107307,True,1.0,0.5637027668748807,0.22508218955655163,0.412198156635503,3.196286700680259,-4.195829604255414
439,255.0928206523712,True,1.0,0.5642033514712035,0.21137426646438529,0.5326511209050537,3.1112945097453175,-4.184138847936392
440,255.59133576842902,True,1.0,0.6148105916074753,0.19018402909574444,0.5854293689626624,3.120939837957005,-4.225303649945072
441,256.1001382896274,True,1.0,0.6925258739424335,0.16601058781861758,0.5860558758408053,2.998568500453522,-4.242972177648113
442,256.6215935582275,True,1.0,0.7459600484891873,0.1398466364989529,0.5494017983761222,2.9295958016527677,-4.329367731746845
443,257.1569795147393,True,1.0,0.7353548523228598,0.11492406392713946,0.5071730844085875,2.9002738363717047,-4.29721786987947
444,257.7064920952268,True,1.0,0.6074094065792507,0.09118129566643698,0.517224779363091,2.9804760013753313,-4.246573027747985
445,258.2693412764199,True,1.0,0.3987930179651022,0.06922083083129207,0.46023913868427263,3.0505059477453624,-4.2062744491408885
446,258.8448205820855,True,1.0,0.26896150039678196,0.04378506357119754,0.3791790572226566,3.2572309114498714,-4.1530828927376495
447,259.42972511229283,True,1.0,0.2524012488745993,0.02638808143272936,0.3698080961201163,4.394236697945112,-3.9531437758452586
448,260.02112853018906,True,1.0,0.09206566817676655,0.008108143782995724,0.3730548777519455,4.955553688821014,-3.80767637677428
449,260.61596526517417,True,1.0,0.32642406943989044,-0.008666932863633263,0.43508604304034243,5.410129449325563,-3.571812032589829
450,261.210498323191,True,1.0,0.6318321993642032,-0.027348860408671523,0.5581931160512609,5.8058984991628195,-3.2238186637015094
451,261.80129461656855,True,1.0,0.673862671891931,-0.049932461129275865,0.5863552884290176,6.049769685932805,-3.0230149280238066
452,262.3854592603499,True,1.0,0.5710568409510309,-0.08000827170247946,0.5534472097912689,6.003767659566033,-2.8925974824627287
453,262.9612365059081,True,1.0,0.4305657371882067,-0.10481637468624772,0.5350581118369906,5.456291888714394,-2.7216717762896097
454,263.52802363440645,True,1.0,0.3098391858989404,-0.13145971201556925,0.45327064873225326,4.944692982670759,-2.5976084831446857
455,264.0859198040675,True,1.0,0.2330390298283982,-0.15421521830432533,0.43522838296849753,4.476622197550716,-2.926368130878795
456,264.63599917167346,True,1.0,0.19899693594965806,-0.17310147187122274,0.15026632229650838,3.957680985889052,-2.9996660847715675
457,265.1800883186004,True,1.0,0.27431395926795094,-0.19414474639074958,0.055954938989934144,3.8046333725218267,-3.1277700886944872
458,265.7199756352451,True,1.0,0.35742502511441154,-0.1867988785278433,0.2039343923890008,3.6667455782981224,-3.20825843922025
459,266.25747363063726,True,1.0,0.22701989332382852,-0.19926400416143852,0.10428514676811745,3.51833890957048,-3.2556507644155306
460,266.79402308557457,True,1.0,0.1428003294113232,-0.2053901792833896,0.06530631842908417,3.507608353814862,-3.2616292344510316
461,267.3182479778897,False,0.4601041715560248,0.121235292047647,-0.20870687565056312,0.08762603732137002,3.5941216714875295,-3.2876941390576992
462,267.869065733032,False,0.3818924953335078,0.1723349414127225,-0.2113890672187577,0.0837338317209107,3.6887975864696307,-3.2377874652484144
463,268.41865991565885,False,0.3082355125549668,0.14849432991834288,-0.21697934985055273,0.0178716676663131,3.7224975406743903,-3.186203338045478
464,268.9649295113911,False,0.24158791843731262,0.1454783943884682,-0.2035447811228514,0.14264817821868334,3.6985605432226625,-3.4388661060731733
465,269.5144323794754,False,0.18364728362161295,0.13155495109310367,-0.21529578836248314,0.02928229100418703,3.65749765991859,-3.450518828824162
466,270.0683583517012,False,0.17953187435700246,0.13575095473883536,-0.2170226139203189,0.23847531169312494,3.6595178236842303,-3.4724970227500904
467,270.62588087131684,False,0.21213729555296368,0.1705080699307196,-0.21250281000856505,0.17817824917475994,3.736802131040678,-3.452903824829254
468,271.1886020728324,False,0.2592793038838139,0.18297082079407678,-0.1942160141878323,0.263978021239614,3.794513848739537,-3.437676692522145
469,271.75408068501736,False,0.3188316948112272,0.16703991685356143,-0.19535749258816357,0.560715597157061,3.9231519250827005,-3.4192060293379845
470,272.31828493439895,False,0.38800959185422046,0.14153269864117804,-0.1691132078518329,0.5603128502320857,3.988949074081189,-3.3595168116583602
471,272.88358642912925,False,0.46350456525064626,0.12560176082333266,-0.142395762312713,0.5345581459574268,3.8711632888708896,-3.3064702796154464
472,273.4479566041458,True,1.0,0.14003419695830135,-0.11688920200545644,0.5107552301191859,3.7156845429234804,-3.292573458857884
473,274.0324805563135,True,1.0,0.14365749009820533,-0.09219997909864133,0.23128229499470154,3.5618021666083712,-3.3187351042922586
474,274.6235365830151,True,1.0,0.11927519806600045,-0.06824478556867983,0.22789136235457902,3.490114408180934,-3.358115245817093
475,275.21921656180876,True,1.0,0.1051260469655862,-0.07003831055508947,0.41939766745636503,3.441149033705774,-3.401894188906913
476,275.8175381490583,True,1.0,0.10779657113366228,-0.04639115618219039,0.33521077437545854,3.4452759483001163,-3.5232339833036224
477,276.4167770861265,True,1.0,0.09978943600723675,-0.029743725233506275,0.30296828220294114,3.4460331665250563,-3.750059508759824
478,277.0159305800706,True,1.0,0.19095120824383116,-0.01424736388491011,0.25062899129137833,3.4155235202207472,-3.8234243023838674
479,277.614622023943,True,1.0,0.1892766208213758,-0.0007380656453449882,0.17848432643787068,3.4849095265622747,-3.838386365328396
480,278.21242541445747,True,1.0,0.17857474124736425,0.009710646576943238,0.08973358216615368,3.496326382146549,-3.798507621959011
481,278.80925993039693,True,1.0,0.12470629399968368,0.01629786679218349,0.004744655106045722,3.5106963257110775,-3.740581974493019
482,279.4045680901237,True,1.0,0.10209016314510555,0.018259231389165874,0.08326211772678668,3.517111984405058,-3.7198553184588006
483,279.9983868227017,True,1.0,0.1356462080663614,0.01584696303674138,0.14360749639711692,3.4825301138751987,-3.744055613206902
484,280.59131720586856,True,1.0,0.16775174053795636,0.010362930659025313,0.20547738522645,3.443829826458763,-3.744781085357726
485,281.18341916299903,True,1.0,0.2019928042412126,0.0022498676125909988,0.2697970884945836,3.375983985902028,-3.750200848261579
486,281.77370254559503,True,1.0,0.12995007609173578,-0.009046658148749638,0.319866982618669,3.4745250473679605,-3.7444177461217465
487,282.3623457185168,True,1.0,0.10079444525658315,-0.023166362261903745,0.38622811472086116,3.551953349975063,-3.7381214179437534
488,282.9488306859429,True,1.0,0.1064771899736476,-0.039106701737131655,0.244823489843486,3.7229326307807384,-3.8014900736669306
489,283.532593675104,True,1.0,0.03111154313427632,-0.05938003206646604,0.2102297746275204,3.9300581982571874,-3.7716982586269334
490,284.1132525377604,True,1.0,0.18785882044850033,-0.06197596356422337,0.36551963592143244,4.169565427372881,-3.7173836565656053
491,284.690724014956,True,1.0,0.2610814156094116,-0.07898227052394191,0.3150677126773792,4.431137058648502,-3.6404199325061377
492,285.26542477722614,True,1.0,0.22458452278967295,-0.09596414469457139,0.2894530985511235,4.657311849228799,-3.5459602332393105
493,285.8318661527388,False,0.4601041715560248,0.11434831823006915,-0.10812260168546342,0.32581434399603715,4.437289595359906,-3.502108981634987
494,286.39846398661035,False,0.3818924953335078,0.03737407957680437,-0.12266518259344018,0.08386665662051636,4.032753630756407,-3.4048192867920224
495,286.96235901500256,False,0.3082355125549668,0.03681447639000774,-0.13827804124097792,0.045403937930488594,3.5930784632376245,-3.335714873530396
496,287.5322284730483,False,0.24158791843731262,0.04717855358547395,-0.13045963928165183,0.04373557697485,3.384502116970015,-3.2983219158909733
497,288.10133091133537,False,0.18364728362161295,0.1692990099852973,-0.13402268017822966,0.033597540090830054,3.2222397710935664,-3.171724508254774
498,288.67538589523895,False,0.13525119732980018,0.12218339628881998,-0.13456725259405455,0.04368381625892467,3.0860272661082053,-3.0710688102539647
499,289.25411271508085,False,0.0964124283328062,0.009104240944127383,-0.13084019192206642,0.006025456562925905,2.996287975306226,-3.072365400614552
500,289.8376605686738,False,0.06646573390701561,0.05676431642221704,-0.13039545994007135,0.004516028417376745,2.9919335390857267,-3.0128454467154704
501,290.4251791451944,False,0.044280677027202314,0.04698279698774508,-0.13141956863647455,0.001428907401522275,3.0351476498398,-3.0925739618574144
502,291.0083956605748,False,0.028516779050255073,0.16159822704834043,-0.12996148219293666,0.03727976849803372,3.0777037074420632,-3.1821384065410006
503,291.5810435063854,False,0.017776544292922743,0.026942534242058926,-0.13155522517380505,0.028189956343838644,3.3543245516268607,-3.2117585593859084
504,292.14631267091266,False,0.010803726398137524,0.10683809672288491,-0.13344608565554056,0.11654651046708912,3.3863757593096113,-3.2066530306891483
505,292.7097229684673,False,0.0065710943826684,0.08358330189100426,-0.1289434507264064,0.2814937694370372,3.4515760684005343,-3.1729869684584133
506,293.2763827420811,False,0.004331228324970071,0.1467483718170533,-0.12264504357472326,0.4490242536570082,3.5337167986440448,-3.135330499834478
507,293.85107347303324,False,0.003634479740994819,0.20740616012639615,-0.1027156542985437,0.37220622873049247,3.577812922998087,-3.302914087636873
508,294.43263909854585,False,0.004331228324970071,0.055196563063232035,-0.08046433221472485,0.1962142599750508,3.597112058620488,-3.491779649626059
509,295.0122484866062,False,0.0065710943826684,0.12130582618905449,-0.06777905419169541,0.06109184873087079,3.7538372844163024,-3.5496030888675434
510,295.59007566642987,False,0.010803726398137524,0.08238388826695746,-0.062169114565707215,0.22810359240670705,3.7987247098927868,-3.5954243110337316
511,296.1738880639624,False,0.017776544292922743,0.035959183960177325,-0.06207077236018119,0.2666772522179226,3.7184771472464098,-3.8115090913786736
512,296.7655279016909,False,0.028516779050255073,0.15193155699181912,-0.08377508686487782,0.07899441906650434,3.6223955719078953,-3.879251963764441
513,297.36079324394063,False,0.044280677027202314,0.2209478641958075,-0.08758807859588202,0.23191279424236494,3.5105901359313907,-3.8968288178443102
514,297.954028431083,False,0.06646573390701561,0.21596449244964655,-0.07619717004942296,0.22788542948786703,3.453046243288604,-3.892244949845073
515,298.54920340323895,False,0.0964124283328062,0.15571692898123854,-0.06536615939979845,0.2073537089167986,3.5089138494499954,-3.8441702238787054
516,299.1413975743603,False,0.13525119732980018,0.09029853837306295,-0.05442829451409688,0.07725591324447803,3.5811358922813024,-3.779920327979236
517,299.7295779921478,False,0.18364728362161295,0.014390773232577321,-0.04571335342383577,0.38880126449307495,3.651120918168031,-3.713698052398055
518,300.31666833864404,False,0.24158791843731262,0.07901573791855107,-0.06172123868949754,0.3276200989866886,3.7284824897311526,-3.6799742781137015
519,300.8996128669451,False,0.3082355125549668,0.09225927807865723,-0.08230354832087082,0.21000071648939278,3.799601529065216,-3.688906989163904
520,301.4782159206264,False,0.3818924953335078,0.09420527120248287,-0.09242079213891374,0.12144115507780691,4.050833400558966,-3.7243739657284887
521,302.0550854124796,False,0.4601041715560248,0.2306565210143924,-0.10195465433138223,0.052646205089114544,4.207173102129603,-3.6906789566222025
522,302.6253336386998,True,1.0,0.1941823539560073,-0.10372184050465807,0.12162132543593572,4.2134304066492545,-3.6499009088562246
523,303.19677922984664,True,1.0,0.09256755111175126,-0.09707528582234706,0.05661756181547595,4.1912590491125075,-3.561760869733556
524,303.76744134005855,True,1.0,0.012098472145732904,-0.09245143677310383,0.10205237077596901,4.071364243788196,-3.5521935489656618
525,304.3386647189364,True,1.0,0.06573252086475605,-0.09183569817178626,0.20811679448649223,3.853731677576996,-3.4867521090829463
526,304.91241651982153,True,1.0,0.0320943023889814,-0.08300038528622894,0.25333251493642206,3.7831303874872826,-3.3979892228565998
527,305.48996747742916,True,1.0,0.17195187359857966,-0.07248378845028866,0.2958411688590233,3.731823297840638,-3.3152146543004126
528,306.0721215777696,True,1.0,0.1786236932112384,-0.05933574732577837,0.3295963083372035,3.6608549066707816,-3.2977830269939266
529,306.65985832593753,True,1.0,0.13320278068171412,-0.044678223714265136,0.3694656144956634,3.6064955994250525,-3.339397359797797
530,307.25333826235885,True,1.0,0.11427050617247422,-0.028133707123614068,0.40590180104751944,3.5816733356202035,-3.365420248450867
531,307.8515936671979,True,1.0,0.09827429310659845,-0.009456224414989146,0.4248351734285001,3.5683968061669633,-3.397143223355035
532,308.4534382816365,True,1.0,0.05611859178280688,0.010793450122612472,0.4308204708476273,3.5554453076425894,-3.4443531525629894
533,309.05606247473963,True,1.0,0.046410254022111304,0.031438979773534756,0.42664577469117865,3.5473370492905687,-3.5173321502163795
534,309.65697306004336,True,1.0,0.057328335456279744,0.052291605798180776,0.4129452376763193,3.528826659677507,-3.624853232071464
535,310.2544356691024,True,1.0,0.11948254820850863,0.07247126641085506,0.397176129833168,3.4891299620308303,-3.7265363666917652
536,310.8466617652177,True,1.0,0.19630839669909744,0.09187681409673032,0.379609203923088,3.457288969655828,-3.8383913876843856
537,311.4324277027306,True,1.0,0.22833335042164996,0.11036174457109146,0.4450394971200096,3.42287515435866,-3.960989202929295
538,312.01121077598924,True,1.0,0.20263913161934186,0.12789081833291732,0.12240975510544055,3.388622691288885,-4.0249808500221835
539,312.58284805166284,True,1.0,0.14815272026511456,0.15242004106680762,0.05474260195492492,3.3362143822672823,-3.969314145302816
540,313.14767318847095,True,1.0,0.09556756065172962,0.1393255633605621,0.3949866416203807,3.2675418572940904,-3.721920237452471
541,313.70649025393294,True,1.0,0.05978505109400224,0.15752568895617475,0.3592056777324689,3.2520497862626168,-3.5296194207907745
542,314.2604887980029,True,1.0,0.07498505792775798,0.1758574839350772,0.2541985186929351,3.228075798953063,-3.4350888096107757
543,314.80643833513795,False,0.4601041715560248,0.13853634235503526,0.19067713933870362,0.14093870661095173,3.254663795466478,-3.3853590031278853
544,315.36231734546544,False,0.3818924953335078,0.17703374842913547,0.1994833518986421,0.3492070005812451,3.2150338661422198,-3.434680823811223
545,315.9185348812357,False,0.3082355125549668,0.17852602552748906,0.20399192147230108,0.4666704655144672,3.138767654389023,-3.450520218949551
546,316.4801731636584,False,0.24158791843731262,0.20622556471037629,0.16659687001665308,0.19224116555082785,3.09561470627996,-3.5155611240207865
547,317.04748299239674,False,0.18364728362161295,0.21892599222946152,0.15962781067717519,0.20721866891317794,3.1103370945357516,-3.50911520637079
548,317.61749675180954,False,0.13525119732980018,0.10362775728654403,0.1484269044847929,0.2004963192746885,3.069628666081346,-3.4862003771181103
549,318.1891981771668,False,0.0964124283328062,0.036854909399299876,0.14003678122130864,0.25456222805981715,3.02591263267598,-3.467047865896124
550,318.7632794220262,False,0.06646573390701561,0.07737196765294715,0.1294979541127653,0.2773017007350929,3.024838393862447,-3.4746092047378148
551,319.34185345799875,False,0.044280677027202314,0.10403108011934797,0.11597183907840411,0.31004247952669894,3.0327327308691006,-3.405946526775087
552,319.92712961015894,False,0.028490011931350746,0.09248932437522109,0.10314863145250336,0.34751825406460884,3.0428424286360136,-3.344248826671573
553,320.5209792703669,False,0.017691385446501333,0.06922814411686426,0.0862784575326904,0.2738257740221636,3.024876642504904,-3.171463967613058
554,321.1216716466193,False,0.010596182256260382,0.07805938146638969,0.06957865305695168,0.23992384482431237,2.9430299443216668,-3.0540498416224846
555,321.72320105752465,False,0.006117096520712703,0.039669887526455255,0.059751548521125575,0.2867606344365772,2.926054694266061,-2.9587340556818904
556,322.3215481083762,False,0.0034003936946215233,0.07778078832157996,0.04645327779759002,0.16629680157097354,2.9042230380175345,-2.8528824314298586
557,322.9174678148149,False,0.0018172398704974094,0.012243680512530592,0.032296073856867974,0.005831848278285242,2.852307755926698,-2.8213739010511296
558,323.5116396095256,False,0.0009308346303485483,0.016214813574550714,0.03060484560271099,0.11951193761360378,2.8095762091340015,-2.788342867770884
559,324.1028993681192,False,0.00045399786195569696,0.037620562322279893,0.031742867930016676,0.17735682719941914,2.80895308026776,-2.7538795645430256
560,324.69024524031835,False,0.00020754414187714243,0.01909101157900641,0.04188187630834341,0.05282965811668801,2.796766049514643,-2.7367382903733946
561,325.2780086619288,False,8.515884642141045e-05,0.022878882706680814,0.04843582708333259,0.26067439893069383,2.783207071166417,-2.7348472348004407
562,325.8668275039634,False,2.6767118904327468e-05,0.018527337318369256,0.036903895702727854,0.23670734978608082,2.7724965641508343,-2.7524722751429422
563,326.45838357862084,False,0.0,0.027510223711173374,0.0238030754131699,0.15145254068475233,2.740114130894784,-2.7855851130124503
564,327.0500085169287,False,0.0,0.07975690880193897,0.014504403816950773,0.02745115969065381,2.7015262209826854,-2.825002014076004
565,327.6406649411949,False,0.0,0.056674317834580885,0.00949172577669241,0.12060565102081541,2.7515222459492263,-2.8548622392726166
566,328.2344734150973,False,0.0,0.016284244158224687,0.011906223051750656,0.4040778774094221,2.7925028769071503,-2.9107829006606933
567,328.8316238391494,False,0.0,0.07624776051688334,-0.0019832170900743558,0.44639928735078105,2.8151080519786404,-2.9620529468847794
568,329.42782393784415,False,0.0,0.07584402713427235,-0.02662670949021551,0.3423374921059847,2.8873295586249657,-2.99386188022492
569,330.0197093339837,False,0.0,0.0634568996700466,-0.04439923315979007,0.18838990537620265,2.9295746184820177,-3.0486840972449945
570,330.60494953054905,False,0.0,0.05803167544688917,-0.058916687554183805,0.024544313681737744,3.0185300638197523,-3.064425063954397
571,331.18474603954735,False,0.0,0.04774844701470146,-0.062013915435612556,0.04240130419833328,3.1127116593704085,-3.0762212629563765
572,331.76052369735555,False,0.0,0.0919566413317569,-0.05663859460286939,0.16600151957894121,3.19120454159957,-3.1180814115704463
573,332.33458332803997,False,0.0,0.12002793264439662,-0.058096360704421326,0.3152090406081769,3.2597285354957526,-3.149195177060117
574,332.91113132789286,False,0.0,0.127477976941636,-0.07200077692344242,0.303124992001911,3.339613419867214,-3.1513733858755506
575,333.4922739139545,False,0.0,0.020456556203479304,-0.08750435846841904,0.2743642983618955,3.3851084435486127,-3.1395919942745274
576,334.0736755087091,False,0.0,0.0904507253851199,-0.10049550334668376,0.14028622025942547,3.607265350395856,-3.2319486505056068
577,334.64977808265746,False,0.0,0.21733903815385053,-0.11328723918201677,0.01154929889406854,3.7766504330164126,-3.2673286521838243
578,335.2242568349496,False,0.0,0.07901610907800764,-0.11363083461620203,0.02094382694607585,3.9513939356036456,-3.247095404582767
579,335.79699969752653,False,0.0,0.12292768256550561,-0.11220681160305297,0.030308126339377513,4.195603341957681,-3.265587440609271
580,336.3701314035512,False,0.0,0.1806012950842996,-0.11558869160988353,0.15953700215484592,4.495453332669341,-3.4813821900263804
581,336.9470442903166,False,0.0,0.15065956375952425,-0.10936666541114334,0.11857584022335618,4.575756058373608,-3.5387163880084715
582,337.5243056118633,False,0.0,0.06326725962794381,-0.10060028033783838,0.09946321470009808,4.592646199615464,-3.5974720506475366
583,338.1074159777403,False,0.0,0.05048900421739289,-0.09818238435563134,0.025819789448270528,4.490057767410353,-3.6448014796049546
584,338.6918295596586,False,0.0,0.14462785976942513,-0.0911842843780595,0.09861577922922618,4.305130782009694,-3.6411462707444646
585,339.27506842152525,False,0.0,0.19202911775434378,-0.0957372300678052,0.03160278931532622,4.096567057140048,-3.6516593554190178
586,339.8605078693799,False,0.0,0.12342667946553582,-0.1005288520034512,0.06656249595880459,3.9155539529616123,-3.6721295835412744
587,340.44894478782726,False,0.0,0.05003384213067955,-0.09874643781247369,0.2488875669091009,3.7429946000201064,-3.691055149187557
588,341.0419287120513,False,0.0,0.13469006891921181,-0.10691996704987518,0.32515589424743097,3.595865266485924,-3.6826970963756787
589,341.629040841185,False,0.0,0.06835502642233122,-0.12268041863098164,0.32752555546302503,3.580267484745235,-3.651565430934382
590,342.2020580088087,False,0.0,0.05993782073513302,-0.13779635253129038,0.2018805501114454,3.572719981263717,-3.643232730366266
591,342.77256459997574,False,0.0,0.04101810634700156,-0.15352833988057657,0.08951024747167897,3.619276554594769,-3.6961019356781306
592,343.3458064110182,False,0.0,0.0477021483352318,-0.15688975870302113,0.2877122097269856,3.7148189502344677,-3.6785788945437488
593,343.92116303706524,False,0.0,0.05758999325146007,-0.14501824826083387,0.33094704311963036,3.90952558995356,-3.651562843578354
594,344.49705018091277,False,0.0,0.1596722866706557,-0.12954503178556373,0.3137025085542991,4.205818949456429,-3.670602496839079
595,345.0718508724416,False,0.0,0.16260078343384768,-0.11376536640367556,0.19501842007902928,4.273468394498542,-3.6172144052038675
596,345.64455433487996,False,0.0,0.1524023074871531,-0.10016858204800305,0.01068532425087217,4.178806567287379,-3.6369716946372743
597,346.21522545092057,False,0.0,0.19796219962283793,-0.09563346924179811,0.009078588711463921,3.9658856956567705,-3.5945995611735113
598,346.78537176541556,False,0.0,0.15229641752303485,-0.09917895613490477,0.15878240263507645,3.8610784251779036,-3.6188234154451515
599,347.3597698162911,False,0.0,0.05557980093356034,-0.09647600956678305,0.36666663382701326,3.771447397763187,-3.6957211748206014
600,347.9430841867789,False,0.0,0.06288690837042585,-0.08429468874748888,0.5269253465927686,3.675208305828965,-3.754106438244883
601,348.535234433024,False,0.0,0.11025081320786055,-0.061693568401059676,0.4476077426832082,3.6110103623355103,-3.766391900220008
602,349.1284189865626,False,0.0,0.1012385191917163,-0.03409632914002106,0.2671137718677142,3.5668078507409167,-3.756710003580383
603,349.7245233944005,False,0.0,0.10500059759007607,-0.019043537235640683,0.23399557989048225,3.5705046045861657,-3.7667133409808917
604,350.32253220639035,False,0.0,0.11419597746829173,-0.008594323859530024,0.2080940034947156,3.5842773948447357,-3.772057479179759
605,350.91844976759603,False,0.0,0.10506143629005775,0.003278306005660074,0.15096803350881802,3.599413321305284,-3.77526946706732
606,351.51467103664504,False,0.0,0.07576167236130595,0.011224588097313005,0.0798945270876248,3.615697263516575,-3.7515812718319657
607,352.1079615080651,False,0.0,0.04248184452263033,0.017626831966876866,0.11520673639519964,3.6252701765826583,-3.7258311645344078
608,352.7022469109537,False,0.0,0.022645271305298895,0.018807024321469086,0.26537609760590347,3.599586530840931,-3.7080545834732823
609,353.29784544064387,False,0.0,0.037479286025431435,0.006673068888470442,0.31371699944726167,3.56591527455086,-3.6918950880677075
610,353.89192012037466,False,0.0,0.0825745618094189,-0.006417486936107535,0.35500134534388655,3.523316754733479,-3.6866684118692117
611,354.48508424833585,False,0.0,0.11640092319309926,-0.023087931883463596,0.3280072650680234,3.570714147168239,-3.701410438082646
612,355.0781299792944,False,0.0,0.09217694234723996,-0.0400925429533836,0.29870873445216284,3.651154492258547,-3.7059925447775424
613,355.6710791225194,False,0.0,0.030892142105758354,-0.05424428933451198,0.2986947458833343,3.6869745658793116,-3.695197805266618
614,356.2620718904757,False,0.0,0.053742273395763665,-0.06848263272679946,0.27883607994213166,3.709422879203609,-3.6767170711112893
615,356.84849706174225,False,0.0,0.059420372087649775,-0.08255617436830792,0.23344063338880172,3.7608458069592112,-3.711417196082319
616,357.4300336431457,False,0.0,0.049494239374949955,-0.0947828429672008,0.14826347308304985,3.8037187499420146,-3.7202080223260343
617,358.0075993045099,False,0.0,0.07454746788938754,-0.10448001014188951,0.05972254876285154,3.8487528913126603,-3.7112295615325324
618,358.58173314096916,False,0.0,0.13778670950501448,-0.1086532654044893,0.02399645994911243,3.9227527796538157,-3.682115655100576
619,359.1530509208154,False,0.0,0.15930388705136467,-0.11004706816049051,0.01021470664681125,3.9056637653363673,-3.632517097308092
620,359.722825974066,False,0.0,0.12450636620939083,-0.11088356702655311,0.035997921379317635,3.9102621984420485,-3.6756776535594557
621,360.29287877535984,False,0.0,0.08175346444277512,-0.11099567194565488,0.15798929576463328,3.864152830572243,-3.706197257819999
622,360.8655001791567,False,0.0,0.08771028089437735,-0.10753384363788436,0.3050286377310275,3.8490562373230692,-3.715660694428419
623,361.4430497467454,False,0.0,0.0982932568423685,-0.09622639508213335,0.36958282388075764,3.8001161940335453,-3.703041615405223
