s_m,x_m,y_m,psi_rad,kappa_radpm,vx_mps,ax_mps3
0.0000000000,89634.0983884517,43125.7823301600,0.6620282530,-0.0788352874,9.6940000000,0.0000000000
0.5886034649,89633.7365633695,43126.2465894074,0.6289940050,-0.0612590354,9.6940000000,0.0000000000
1.1788863400,89633.3892813080,43126.7239038136,0.6011949644,-0.0489397218,9.6940000000,0.0000000000
1.7706033230,89633.0545894269,43127.2118693173,0.5757057873,-0.0409389846,9.6940000000,0.0000000000
2.3643032825,89632.7313631708,43127.7098697483,0.5546627351,-0.0309907120,9.6940000000,0.0000000000
2.9599870434,89632.4176423696,43128.2162474747,0.5438663847,-0.0170141546,9.6940000000,0.0000000000
3.5555827291,89632.1094523515,43128.7259072962,0.5441014464,-0.0045926503,9.6940000000,0.0000000000
4.1488172498,89631.8023647963,43129.2334744641,0.5468638339,0.0014087080,9.6940000000,0.0000000000
4.7403328802,89631.4947701592,43129.7387231953,0.5468646957,0.0028236551,9.6940000000,0.0000000000
5.3314111451,89631.1874025220,43130.2435980815,0.5463829688,0.0041534934,9.6940000000,0.0000000000
5.9224133880,89630.8803176331,43130.7485560225,0.5520851744,0.0081481828,9.6940000000,0.0000000000
6.5127364265,89630.5707145965,43131.2511764056,0.5610084443,0.0114029021,9.6940000000,0.0000000000
7.1024316849,89630.2569729324,43131.7504825901,0.5679796296,0.0105368018,9.6940000000,0.0000000000
7.6919597609,89629.9398480964,43132.2474485757,0.5704983424,0.0070654725,9.6940000000,0.0000000000
8.2814597733,89629.6214877088,43132.7435906201,0.5721899642,0.0055291372,9.6940000000,0.0000000000
8.8709073832,89629.3023168671,43133.2391493539,0.5772437005,0.0068854767,9.6940000000,0.0000000000
9.4603246918,89628.9806622246,43133.7330633694,0.5835806982,0.0095012033,9.6940000000,0.0000000000
10.0497549260,89628.6558770073,43134.2249399429,0.5890400982,0.0099348541,9.6940000000,0.0000000000
10.6392672000,89628.3283657142,43134.7151042767,0.5931968394,0.0063433981,9.6940000000,0.0000000000
11.2288887617,89627.9987586768,43135.2039936167,0.5943630014,0.0007136179,9.6940000000,0.0000000000
11.8184653807,89627.6686069064,43135.6924610141,0.5910965806,-0.0045057051,9.6940000000,0.0000000000
12.4078691939,89627.3401487344,43136.1818607323,0.5858080900,-0.0071225460,9.6940000000,0.0000000000
12.9971099343,89627.0143734878,43136.6728547637,0.5820562263,-0.0057637828,9.6940000000,0.0000000000
13.5862221772,89626.6905133130,43137.1649602625,0.5812803047,-0.0020366749,9.6940000000,0.0000000000
14.1752591589,89626.3670763965,43137.6572540029,0.5822129102,0.0002365875,9.6940000000,0.0000000000
14.7642631914,89626.0431986227,43138.1492183695,0.5818810009,-0.0012934385,9.6940000000,0.0000000000
15.3532587209,89625.7194888276,43138.6412831033,0.5781427692,-0.0072318681,9.6940000000,0.0000000000
15.9422057156,89625.3976472648,43139.1345138515,0.5706740949,-0.0118027248,9.6940000000,0.0000000000
16.5310477353,89625.0795551312,43139.6300462105,0.5604776857,-0.0122769092,9.6940000000,0.0000000000
17.1198977893,89624.7665278252,43140.1288029566,0.5555881023,-0.0116836964,9.6940000000,0.0000000000
17.7087263864,89624.4559542814,43140.6290660780,0.5518561043,-0.0101667360,9.6940000000,0.0000000000
18.2975493291,89624.1472528414,43141.1304799578,0.5441265290,-0.0095312347,9.6940000000,0.0000000000
18.8864674660,89623.8423870218,43141.6343464123,0.5384060745,-0.0097583773,9.6940000000,0.0000000000
19.4754623731,89623.5403691544,43142.1400144935,0.5339420093,-0.0067838811,9.6940000000,0.0000000000
20.0645636081,89623.2405575106,43142.6471172871,0.5336372766,-0.0011473261,9.6940000000,0.0000000000
20.6536712210,89622.9408971673,43143.1543169107,0.5362188432,0.0032237075,9.6940000000,0.0000000000
21.2427119289,89622.6399626353,43143.6606837373,0.5404856112,0.0075116980,9.6940000000,0.0000000000
21.8316724130,89622.3369115788,43144.1656931521,0.5464185535,0.0117909835,9.6940000000,0.0000000000
22.4205659891,89622.0309044493,43144.6688385393,0.5553280580,0.0159165280,9.6940000000,0.0000000000
23.0094307823,89621.7204419232,43145.1692131635,0.5667262046,0.0166022463,9.6940000000,0.0000000000
23.5984172104,89621.4042310418,43145.6661192824,0.5753861133,0.0121115781,9.6940000000,0.0000000000
24.1875538931,89621.0836471472,43146.1603945067,0.5769445594,0.0045126007,9.6940000000,0.0000000000
24.7767331857,89620.7622700986,43146.6542052311,0.5738409475,-0.0027566439,9.6940000000,0.0000000000
25.3658710479,89620.4424496832,43147.1489762110,0.5708876987,-0.0053680352,9.6940000000,0.0000000000
25.9548647140,89620.1241697628,43147.6445682114,0.5688538477,-0.0029924927,9.6940000000,0.0000000000
26.5437946546,89619.8069327870,43148.1407528304,0.5693935295,0.0004685487,9.6940000000,0.0000000000
27.1327320134,89619.4894240764,43148.6367724180,0.5713332432,0.0019605386,9.6940000000,0.0000000000
27.7216867130,89619.1709444505,43149.1321897836,0.5721778640,0.0012018027,9.6940000000,0.0000000000
28.3106900401,89618.8520201684,43149.6273788602,0.5708262815,-0.0018743246,9.6940000000,0.0000000000
28.8997463739,89618.5337368254,43150.1230431397,0.5675183913,-0.0058160576,9.6940000000,0.0000000000
29.4888329981,89618.2170785413,43150.6197830938,0.5626890756,-0.0086675126,9.6940000000,0.0000000000
30.0779242153,89617.9028204044,43151.1180503770,0.5572886195,-0.0068271429,9.6940000000,0.0000000000
30.6670300765,89617.5912499627,43151.6180199516,0.5543689528,-0.0023498493,9.6940000000,0.0000000000
31.2562178417,89617.2810974766,43152.1189667132,0.5577037330,-0.0012674231,9.6940000000,0.0000000000
31.8454130770,89616.9692722172,43152.6188827392,0.5591776919,0.0002303648,9.6940000000,0.0000000000
32.4347112007,89616.6566558600,43153.1184258222,0.5555697827,0.0038736960,9.6940000000,0.0000000000
33.0240241153,89616.3458360386,43153.6191061093,0.5620680732,0.0118367376,9.6940000000,0.0000000000
33.6137745274,89616.0315360779,43154.1181262325,0.5758121168,0.0190106327,9.6940000000,0.0000000000
34.2059208814,89615.7091028348,43154.6147892050,0.5917533544,0.0186410862,9.6940000000,0.0000000000
34.8025412569,89615.3762977869,43155.1099625812,0.5939738514,0.0078619559,9.6940000000,0.0000000000
35.4001737723,89615.0418275765,43155.6052345286,0.5872474989,-0.0051737351,9.6940000000,0.0000000000
35.9968940979,89614.7112016995,43156.1019856499,0.5778840982,-0.0165571500,9.6940000000,0.0000000000
36.5935178400,89614.3852942869,43156.6017298324,0.5641727789,-0.0262198357,9.6940000000,0.0000000000
37.1909845044,89614.0658187216,43157.1066078159,0.5410761328,-0.0415789308,9.6940000000,0.0000000000
37.7890440231,89613.7577829620,43157.6192374666,0.5036385601,-0.0607562674,9.6940000000,0.0000000000
38.3850156541,89613.4701578184,43158.1412086935,0.4546629937,-0.0784324808,9.6940000000,0.0000000000
38.9764809759,89613.2104101625,43158.6725865083,0.4005191105,-0.0935724227,9.6940000000,0.0000000000
39.5626842354,89612.9818516089,43159.2123968908,0.3403782111,-0.1065858564,9.6940000000,0.0000000000
40.1439488036,89612.7878001363,43159.7603134212,0.2698276224,-0.1209048693,9.6940000000,0.0000000000
40.7222577861,89612.6336430288,43160.3176973691,0.1901047615,-0.1379988472,9.6940000000,0.0000000000
41.2992496963,89612.5246136160,43160.8842944496,0.1013439380,-0.1551297842,9.6940000000,0.0000000000
41.8730264688,89612.4665643044,43161.4551272290,0.0044010040,-0.1699777222,9.6940000000,0.0000000000
42.4427037085,89612.4640571606,43162.0247989518,-0.0990841775,-0.1825808448,9.6940000000,0.0000000000
43.0089086780,89612.5200673609,43162.5882267865,-0.2070304965,-0.1913773983,9.6940000000,0.0000000000
43.5732516010,89612.6360707117,43163.1405185186,-0.3173590817,-0.1945253653,9.6940000000,0.0000000000
44.1378567272,89612.8122606045,43163.6769288748,-0.4275391494,-0.1919258399,9.6940000000,0.0000000000
44.7059984443,89613.0478307463,43164.1939315043,-0.5349543817,-0.1868859306,9.6940000000,0.0000000000
45.2834926585,89613.3422383333,43164.6907450913,-0.6406374683,-0.1837923615,9.6940000000,0.0000000000
45.8705394336,89613.6931200832,43165.1613892389,-0.7475690055,-0.1815757977,9.6940000000,0.0000000000
46.4582294322,89614.0926658397,43165.5923680353,-0.8558282484,-0.1803119041,9.6940000000,0.0000000000
47.0423549677,89614.5337473082,43165.9753168301,-0.9591095752,-0.1796762407,9.6940000000,0.0000000000
47.6238213845,89615.0097825641,43166.3092234472,-1.0623764411,-0.1814342141,9.6940000000,0.0000000000
48.2043805118,89615.5169095504,43166.5918382382,-1.1696900979,-0.1853719749,9.6940000000,0.0000000000
48.7845472632,89616.0510282606,43166.8183568088,-1.2829697609,-0.1905054385,9.6940000000,0.0000000000
49.3652681024,89616.6078600505,43166.9832053781,-1.3948969248,-0.1933200110,9.6940000000,0.0000000000
49.9424133493,89617.1760996851,43167.0842021787,-1.5046442678,-0.1951568352,9.6940000000,0.0000000000
50.5145702903,89617.7470051760,43167.1220239391,-1.6158143716,-0.1977531078,9.6940000000,0.0000000000
51.0816287551,89618.3134891306,43167.0965046974,-1.7301825002,-0.2016134865,9.6940000000,0.0000000000
51.6444736456,89618.8691999009,43167.0071743521,-1.8450934198,-0.2025765171,9.6940000000,0.0000000000
52.2062106256,89619.4099368113,43166.8550164459,-1.9561087066,-0.1976028607,9.6940000000,0.0000000000
52.7684183725,89619.9309240880,43166.6437114337,-2.0608593344,-0.1867229795,9.6940000000,0.0000000000
53.3314115944,89620.4276548114,43166.3787209502,-2.1581343503,-0.1718054722,9.6940000000,0.0000000000
53.8961583713,89620.8977606193,43166.0657681561,-2.2463830875,-0.1550170615,9.6940000000,0.0000000000
54.4644858808,89621.3412493942,43165.7103615374,-2.3247581790,-0.1369706399,9.6940000000,0.0000000000
55.0394603187,89621.7603957442,43165.3167729941,-2.3943370473,-0.1190789068,9.6940000000,0.0000000000
55.6240941349,89622.1577293451,43164.8879108848,-2.4545847328,-0.1025850123,9.6940000000,0.0000000000
56.2170375973,89622.5337899248,43164.4294783490,-2.5063591134,-0.0862841152,9.6940000000,0.0000000000
56.8156758867,89622.8890012415,43163.9476145487,-2.5486916193,-0.0683805086,9.6940000000,0.0000000000
57.4172195627,89623.2251253597,43163.4487404450,-2.5786089725,-0.0484297569,9.6940000000,0.0000000000
58.0188004591,89623.5461961640,43162.9400036628,-2.5962570260,-0.0305991516,9.6940000000,0.0000000000
58.6176657165,89623.8568306066,43162.4280018663,-2.6049283320,-0.0208940032,9.6940000000,0.0000000000
59.2129069869,89624.1611608587,43161.9164402693,-2.6138828475,-0.0155248736,9.6940000000,0.0000000000
59.8079782323,89624.4608125677,43161.4023209831,-2.6236654792,-0.0049842492,9.6940000000,0.0000000000
60.4047626361,89624.7562687299,43160.8838064888,-2.6200735966,0.0089650640,9.6940000000,0.0000000000
60.9997330190,89625.0526816841,43160.3679294519,-2.6011435986,0.0185134073,9.6940000000,0.0000000000
61.5904259803,89625.3566056752,43159.8614233984,-2.5872196090,0.0185888806,9.6940000000,0.0000000000
62.1799798275,89625.6669529205,43159.3601666518,-2.5864037586,0.0115721285,9.6940000000,0.0000000000
62.7694801687,89625.9776808097,43158.8592087383,-2.5868316002,0.0062875541,9.6940000000,0.0000000000
63.3589922747,89626.2882005368,43158.3581079279,-2.5796799679,0.0061542750,9.6940000000,0.0000000000
63.9484948739,89626.6022909161,43157.8592486811,-2.5724606550,0.0040207883,9.6940000000,0.0000000000
64.5381232026,89626.9200422558,43157.3625640204,-2.5761552379,-0.0033931148,9.6940000000,0.0000000000
65.1276318291,89627.2358922538,43156.8648098648,-2.5870841184,-0.0107940895,9.6940000000,0.0000000000
65.7168649394,89627.5461385356,43156.3638678493,-2.5941919811,-0.0126164464,9.6940000000,0.0000000000
66.3059633601,89627.8527462815,43155.8608483273,-2.5967804151,-0.0096550514,9.6940000000,0.0000000000
66.8950128252,89628.1580255973,43155.3570787255,-2.6008646787,-0.0077783013,9.6940000000,0.0000000000
67.4839723657,89628.4611985551,43154.8521435832,-2.6071242173,-0.0072997447,9.6940000000,0.0000000000
68.0728537423,89628.7611651177,43154.3453878856,-2.6121302155,-0.0055254283,9.6940000000,0.0000000000
68.6616899852,89629.0585683185,43153.8371758658,-2.6121148104,-0.0035601973,9.6940000000,0.0000000000
69.2505019483,89629.3559670851,43153.3289893827,-2.6129104954,-0.0055139144,9.6940000000,0.0000000000
69.8393683013,89629.6529888353,43152.8205194607,-2.6197313810,-0.0104623933,9.6940000000,0.0000000000
70.4282356822,89629.9465360002,43152.3100345400,-2.6306095684,-0.0133893792,9.6940000000,0.0000000000
71.0172414959,89630.2345804542,43151.7962658751,-2.6372841349,-0.0096626161,9.6940000000,0.0000000000
71.6063650202,89630.5192462124,43151.2804830400,-2.6364590027,-0.0011270352,9.6940000000,0.0000000000
72.1953783388,89630.8042841315,43150.7650317094,-2.6321845606,0.0044013367,9.6940000000,0.0000000000
72.7842971364,89631.0914766126,43150.2508859821,-2.6289669206,0.0032718922,9.6940000000,0.0000000000
73.3731863215,89631.3803074161,43149.7376928028,-2.6309703178,-0.0001965603,9.6940000000,0.0000000000
73.9621001588,89631.6681215589,43149.2239005033,-2.6332349981,-0.0002144195,9.6940000000,0.0000000000
74.5511248012,89631.9548253230,43148.7093609217,-2.6308781329,0.0025294281,9.6940000000,0.0000000000
75.1401350426,89632.2427339508,43148.1955110540,-2.6246925434,0.0061176687,9.6940000000,0.0000000000
75.7290615844,89632.5337741515,43147.6835246546,-2.6204019608,0.0093906904,9.6940000000,0.0000000000
76.3179620166,89632.8269953863,43147.1728143389,-2.6158195470,0.0120740285,9.6940000000,0.0000000000
76.9067397139,89633.1224922218,43146.6635591995,-2.6065784001,0.0129505297,9.6940000000,0.0000000000
77.4954963979,89633.4226717608,43146.1570745726,-2.5976596031,0.0101324074,9.6940000000,0.0000000000
78.0843087299,89633.7273853327,43145.6532396776,-2.5953736281,0.0047948214,9.6940000000,0.0000000000
78.6731287309,89634.0332538453,43145.1500961130,-2.5989093121,0.0026098901,9.6940000000,0.0000000000
79.2618751067,89634.3373034703,43144.6459372883,-2.5984736522,-0.0010533284,9.6940000000,0.0000000000
79.8505756392,89634.6415490161,43144.1419502201,-2.5940351829,-0.0062902763,9.6940000000,0.0000000000
80.4393447182,89634.9480641743,43143.6392599714,-2.6036159025,-0.0058847496,9.6940000000,0.0000000000
81.0298920978,89635.2506604050,43143.1321290921,-2.6127391513,-0.0059812363,9.6940000000,0.0000000000
81.6219486524,89635.5493788705,43142.6209556948,-2.6068412242,-0.0024271232,9.6940000000,0.0000000000
82.2130421255,89635.8506161740,43142.1123816285,-2.6047822959,0.0042281089,9.6940000000,0.0000000000
82.8050842895,89636.1533851140,43141.6036136136,-2.6012637285,0.0053828511,9.6940000000,0.0000000000
83.3996451165,89636.4592379565,43141.0937542058,-2.6002964769,0.0036756177,9.6940000000,0.0000000000
83.9983132280,89636.7677000854,43140.5806707596,-2.5936881314,0.0126502266,9.6940000000,0.0000000000
84.5992192588,89637.0807118184,43140.0677265980,-2.5777985929,0.0290053622,9.6940000000,0.0000000000
85.2023475196,89637.4030216939,43139.5579422877,-2.5461619068,0.0508811873,9.6940000000,0.0000000000
85.8042301838,89637.7405968700,43139.0596394260,-2.5021143073,0.0698932057,9.6940000000,0.0000000000
86.4011672295,89638.0968351359,43138.5806528557,-2.4515650636,0.0834806003,9.6940000000,0.0000000000
86.9922338072,89638.4730835667,43138.1248054936,-2.3968742690,0.0957780167,9.6940000000,0.0000000000
87.5785121060,89638.8704423439,43137.6937274893,-2.3346499679,0.1132930165,9.6940000000,0.0000000000
88.1595777852,89639.2900739035,43137.2917987920,-2.2562232831,0.1349575880,9.6940000000,0.0000000000
88.7314841644,89639.7328145709,43136.9297799968,-2.1645002914,0.1573982844,9.6940000000,0.0000000000
89.2960296626,89640.2007517930,43136.6139535006,-2.0658356291,0.1761314586,9.6940000000,0.0000000000
89.8608653450,89640.6977789739,43136.3456191392,-1.9593518075,0.1898505179,9.6940000000,0.0000000000
90.4272488303,89641.2219426961,43136.1310436400,-1.8458403251,0.2022955089,9.6940000000,0.0000000000
90.9926644642,89641.7661061933,43135.9774828141,-1.7267254578,0.2104606536,9.6940000000,0.0000000000
91.5514196328,89642.3180823570,43135.8907092401,-1.6058943633,0.2133847865,9.6940000000,0.0000000000
92.1076148989,89642.8739350776,43135.8711918861,-1.4887196866,0.2134489818,9.6940000000,0.0000000000
92.6722585223,89643.4366778864,43135.9174839218,-1.3702336234,0.2090240706,9.6940000000,0.0000000000
93.2394196444,89643.9924700544,43136.0304742064,-1.2514707022,0.2027776381,9.6940000000,0.0000000000
93.8092660573,89644.5335092143,43136.2093640098,-1.1389381883,0.1980250593,9.6940000000,0.0000000000
94.3857541625,89645.0570697029,43136.4506583327,-1.0288204667,0.1923915117,9.6940000000,0.0000000000
94.9661595337,89645.5542978460,43136.7500486608,-0.9164675068,0.1895660109,9.6940000000,0.0000000000
95.5536496831,89646.0204457854,43137.1076109271,-0.8039284768,0.1904182572,9.6940000000,0.0000000000
96.1426366124,89646.4445679371,43137.5162990763,-0.6918555035,0.1935358211,9.6940000000,0.0000000000
96.7215805222,89646.8139151247,43137.9621227025,-0.5796579988,0.1997261673,9.6940000000,0.0000000000
97.2938302849,89647.1273579700,43138.4408954812,-0.4628280952,0.2067982020,9.6940000000,0.0000000000
97.8573719390,89647.3789683013,43138.9451488273,-0.3428265125,0.2111367799,9.6940000000,0.0000000000
98.4157093042,89647.5666536659,43139.4709955895,-0.2262731030,0.2097709979,9.6940000000,0.0000000000
98.9719409619,89647.6914426776,43140.0130485018,-0.1139046529,0.2009082343,9.6940000000,0.0000000000
99.5315433650,89647.7550462517,43140.5690246118,-0.0080982235,0.1883287444,9.6940000000,0.0000000000
100.0955843603,89647.7596139318,43141.1330471119,0.0906650419,0.1751981771,9.6940000000,0.0000000000
100.6623220303,89647.7083010047,43141.6974570428,0.1823796906,0.1609115661,9.6940000000,0.0000000000
101.2315409482,89647.6050615943,43142.2572353923,0.2659163239,0.1440517774,9.6940000000,0.0000000000
101.8061830401,89647.4540493904,43142.8116800227,0.3394027370,0.1241367201,9.6940000000,0.0000000000
102.3884914305,89647.2601849750,43143.3607698605,0.3997876509,0.1055609055,9.6940000000,0.0000000000
102.9738898114,89647.0323346091,43143.9000058710,0.4506598641,0.0916698718,9.6940000000,0.0000000000
103.5602182269,89646.7769536319,43144.4277951920,0.4988997142,0.0798540797,9.6940000000,0.0000000000
104.1528852182,89646.4933863865,43144.9482217285,0.5412803638,0.0636593284,9.6940000000,0.0000000000
104.7535623253,89646.1838972686,43145.4630318614,0.5682661219,0.0412048850,9.6940000000,0.0000000000
105.3594695058,89645.8578153018,43145.9737118612,0.5765259920,0.0237970944,9.6940000000,0.0000000000
105.9621407721,89645.5292903004,43146.4789682108,0.5788362643,0.0112011868,9.6940000000,0.0000000000
106.5594038078,89645.2025574705,43146.9789370014,0.5890901160,0.0000079844,9.6940000000,0.0000000000
107.1575919464,89644.8702013094,43147.4762984709,0.5852016837,-0.0068992082,9.6940000000,0.0000000000
107.7527979253,89644.5414288605,43147.9724625912,0.5703896059,-0.0110223914,9.6940000000,0.0000000000
108.3433727683,89644.2225420581,43148.4695439250,0.5646819433,-0.0109979982,9.6940000000,0.0000000000
108.9327767478,89643.9071241913,43148.9674481530,0.5666440964,-0.0027785309,9.6940000000,0.0000000000
109.5220625747,89643.5907933927,43149.4646328387,0.5702632243,0.0026423547,9.6940000000,0.0000000000
110.1114003870,89643.2726372303,43149.9607131883,0.5694401146,0.0026717302,9.6940000000,0.0000000000
110.7006591861,89642.9549321048,43150.4569887022,0.5676822955,0.0010937652,9.6940000000,0.0000000000
111.2898783787,89642.6381211280,43150.9537885229,0.5709982103,-0.0003651239,9.6940000000,0.0000000000
111.8791103141,89642.3196576629,43151.4495458174,0.5707923267,-0.0001569133,9.6940000000,0.0000000000
112.4683430958,89642.0012958156,43151.9453693800,0.5685085663,-0.0003631839,9.6940000000,0.0000000000
113.0574852733,89641.6841159189,43152.4418423585,0.5682028489,-0.0010852742,9.6940000000,0.0000000000
113.6466158892,89641.3670940389,43152.9384025364,0.5692759613,0.0006705361,9.6940000000,0.0000000000
114.2357604290,89641.0495319714,43153.4346339562,0.5703351256,0.0013377456,9.6940000000,0.0000000000
114.8249208132,89640.7314359368,43153.9305420839,0.5703111430,-0.0001726518,9.6940000000,0.0000000000
115.4141101235,89640.4133361786,43154.4264821883,0.5689233649,-0.0018383803,9.6940000000,0.0000000000
116.0033329192,89640.0959069417,43154.9228914777,0.5672458860,-0.0019222009,9.6940000000,0.0000000000
116.5925911100,89639.7792918491,43155.4198624009,0.5666440996,-0.0004192111,9.6940000000,0.0000000000
117.1818988906,89639.4629492641,43155.9170656080,0.5676699171,0.0005022885,9.6940000000,0.0000000000
117.7712673129,89639.1460642007,43156.4139951743,0.5681662855,-0.0015698139,9.6940000000,0.0000000000
118.3607078533,89638.8288937104,43156.9108281752,0.5653837733,-0.0043588362,9.6940000000,0.0000000000
118.9502076904,89638.5130751224,43157.4085918514,0.5602464135,-0.0041585741,9.6940000000,0.0000000000
119.5397306670,89638.1998055857,43157.9079910278,0.5595005995,-0.0006835056,9.6940000000,0.0000000000
120.1293011053,89637.8868834040,43158.4076639308,0.5638421396,0.0029335224,9.6940000000,0.0000000000
120.7187994389,89637.5718333638,43158.9059126211,0.5672486378,0.0040144575,9.6940000000,0.0000000000
121.3082694691,89637.2551030794,43159.4030613347,0.5669223348,0.0025133678,9.6940000000,0.0000000000
121.8977558419,89636.9385262563,43159.9003271578,0.5665301389,0.0015609808,9.6940000000,0.0000000000
122.4872650688,89636.6221322173,43160.3977363863,0.5690810858,0.0034358931,9.6940000000,0.0000000000
123.0767818079,89636.3044662965,43160.8943432213,0.5725098961,0.0040286105,9.6940000000,0.0000000000
123.6663171275,89635.9850894099,43161.3898735405,0.5740603281,-0.0014216336,9.6940000000,0.0000000000
124.2558640217,89635.6649383358,43161.8849178115,0.5692585032,-0.0063221711,9.6940000000,0.0000000000
124.8455036649,89635.3471180671,43162.3815718013,0.5611555067,-0.0048492901,9.6940000000,0.0000000000
125.4355546026,89635.0331136971,43162.8811329735,0.5633415823,0.0008235483,9.6940000000,0.0000000000
126.0254138571,89634.7181203614,43163.3798444518,0.5719064016,0.0075087953,9.6940000000,0.0000000000
126.6149678489,89634.3990324767,43163.8755831240,0.5774814537,0.0113112190,9.6940000000,0.0000000000
127.2042655298,89634.0773257203,43164.3693204222,0.5810479164,0.0094133489,9.6940000000,0.0000000000
127.7933517278,89633.7539762010,43164.8617304515,0.5858361768,0.0068503812,9.6940000000,0.0000000000
128.3823079889,89633.4283444516,43165.3524782904,0.5902989894,0.0084224134,9.6940000000,0.0000000000
128.9713423216,89633.1004823813,43165.8418328734,0.5929935227,0.0045645311,9.6940000000,0.0000000000
129.5607681296,89632.7710841461,43166.3306268850,0.5953185363,-0.0027938666,9.6940000000,0.0000000000
130.1510622461,89632.4400634260,43166.8193726541,0.5845054465,-0.0080803648,9.6940000000,0.0000000000
130.7424559161,89632.1137400873,43167.3125861490,0.5734371068,-0.0333040887,9.6940000000,0.0000000000
131.3353909174,89631.7920594730,43167.8106759985,0.5598616522,-0.0234054102,9.6940000000,0.0000000000
131.9312604088,89631.4756116718,43168.3155732552,0.5245176863,-0.0056411681,9.6940000000,0.0000000000
132.5382472312,89631.1716353486,43168.8409601580,0.5692244092,0.0114625157,9.6940000000,0.0000000000
133.1331305680,89630.8510057727,43169.3420418473,0.5791079054,0.0271860115,9.6940000000,0.0000000000
133.7251620532,89630.5270002527,43169.8375433130,0.5954831068,0.0485632590,9.6940000000,0.0000000000
134.3128109844,89630.1973828116,43170.3240447095,0.6212819216,0.0428457898,9.6940000000,0.0000000000
134.8943315465,89629.8588924793,43170.7968982377,0.6691948262,0.0657182027,9.6940000000,0.0000000000
135.4646140289,89629.5051150763,43171.2441830003,0.7075509750,0.0809594317,9.6940000000,0.0000000000
136.0305717673,89629.1372569381,43171.6742859552,0.7593691688,0.0930441237,9.6940000000,0.0000000000
136.5902411728,89628.7519446676,43172.0801976422,0.8172942206,0.1015325864,9.6940000000,0.0000000000
137.1450274210,89628.3473406016,43172.4597807438,0.8792421791,0.1116655258,9.6940000000,0.0000000000
137.6969831646,89627.9221934826,43172.8117822638,0.9419305723,0.1112010803,9.6940000000,0.0000000000
138.2485887408,89627.4761126881,43173.1362520411,0.9983742963,0.1064113674,9.6940000000,0.0000000000
138.8024114002,89627.0105740671,43173.4362409250,1.0533440256,0.0973262397,9.6940000000,0.0000000000
139.3605738532,89626.5254849794,43173.7123457981,1.1009210321,0.0819914409,9.6940000000,0.0000000000
139.9245727078,89626.0226096368,43173.9677104351,1.1387154601,0.0652184651,9.6940000000,0.0000000000
140.4950043990,89625.5046027117,43174.2065851717,1.1613172604,0.0445654010,9.6940000000,0.0000000000
141.0714818255,89624.9757836267,43174.4360990028,1.1767696152,0.0238605286,9.6940000000,0.0000000000
141.6525416459,89624.4392500389,43174.6591734837,1.1788062881,0.0029674686,9.6940000000,0.0000000000
142.2361105105,89623.8999444996,43174.8821132850,1.1677899384,-0.0181773966,9.6940000000,0.0000000000
142.8196370447,89623.3631665573,43175.1109640155,1.1430111026,-0.0428532640,9.6940000000,0.0000000000
143.4004880159,89622.8346579288,43175.3519338898,1.1042900199,-0.0674751753,9.6940000000,0.0000000000
143.9763953874,89622.3202890879,43175.6109589776,1.0514056960,-0.0940040040,9.6940000000,0.0000000000
144.5457107002,89621.8260540527,43175.8935393295,0.9848977821,-0.1173450688,9.6940000000,0.0000000000
145.1075011962,89621.3579614624,43176.2041804219,0.9057013162,-0.1392961505,9.6940000000,0.0000000000
145.6618203433,89620.9217909213,43176.5462695564,0.8211936058,-0.1602798570,9.6940000000,0.0000000000
146.2093054294,89620.5210539502,43176.9192974367,0.7240518676,-0.1867514283,9.6940000000,0.0000000000
146.7512650628,89620.1620460863,43177.3252944784,0.6181350458,-0.1722512113,9.6940000000,0.0000000000
147.2899238247,89619.8498845510,43177.7642801702,0.5088855714,-0.1919347754,9.6940000000,0.0000000000
147.8273540726,89619.5880462058,43178.2336115589,0.4460933477,-0.2046745058,9.6940000000,0.0000000000
148.3494917580,89619.3627727783,43178.7046525820,0.2837193387,-0.2122489912,9.6940000000,0.0000000000
148.8976994752,89619.2093139681,43179.2309434662,0.1693792455,-0.2155907090,9.6940000000,0.0000000000
149.4537389925,89619.1155821029,43179.7790258343,0.0603525794,-0.2153469964,9.6940000000,0.0000000000
150.0145848470,89619.0817541537,43180.3388505768,-0.0443388771,-0.1817013687,9.6940000000,0.0000000000
150.5786000033,89619.1067537593,43180.9023114151,-0.1475969384,-0.1862312396,9.6940000000,0.0000000000
151.1418926044,89619.1895924848,43181.4594795226,-0.2578995794,-0.1818062419,9.6940000000,0.0000000000
151.7164077336,89619.3361226609,43182.0149941859,-0.3593785084,-0.1815628119,9.6940000000,0.0000000000
152.2957171070,89619.5398614304,43182.5572947150,-0.4552069753,-0.1744031228,9.6940000000,0.0000000000
152.8670926467,89619.7910656707,43183.0704871127,-0.5567264368,-0.1587487334,9.6940000000,0.0000000000
153.4503250484,89620.0992513953,43183.5656452627,-0.6356161303,-0.1397179199,9.6940000000,0.0000000000
154.0292823066,89620.4429629371,43184.0315356821,-0.7011345922,-0.1178844318,9.6940000000,0.0000000000
154.6114199278,89620.8184912173,43184.4763533086,-0.7560762306,-0.0956409360,9.6940000000,0.0000000000
155.1966551117,89621.2200047253,43184.9021315646,-0.8075265986,-0.0824882673,9.6940000000,0.0000000000
155.7884972849,89621.6476577791,43185.3112648237,-0.8495087466,-0.0707936671,9.6940000000,0.0000000000
156.3853922605,89622.0958996993,43185.7054256953,-0.8849181330,-0.0598182118,9.6940000000,0.0000000000
156.9894308753,89622.5633429179,43186.0879952780,-0.9161477241,-0.0535971195,9.6940000000,0.0000000000
157.5985429005,89623.0465283023,43186.4588717312,-0.9433437082,-0.0357224232,9.6940000000,0.0000000000
158.2073003279,89623.5393330613,43186.8162637777,-0.9708788811,-0.0425067802,9.6940000000,0.0000000000
158.8134227390,89624.0396157261,43187.1584649358,-0.9789715360,-0.0523558679,9.6940000000,0.0000000000
159.4229952500,89624.5455146155,43187.4985310469,-1.0451142110,-0.0643763546,9.6940000000,0.0000000000
160.0304543901,89625.0709557493,43187.8033559503,-1.0862517256,-0.0764799626,9.6940000000,0.0000000000
160.6341658969,89625.6051723149,43188.0845680490,-1.1326905943,-0.0885699783,9.6940000000,0.0000000000
161.2324538243,89626.1469560655,43188.3383766614,-1.1854776537,-0.0849770056,9.6940000000,0.0000000000
161.8236330026,89626.6947892209,43188.5605739942,-1.2457511437,-0.1035208547,9.6940000000,0.0000000000
162.4066196445,89627.2472485241,43188.7467517130,-1.3141275651,-0.1190629898,9.6940000000,0.0000000000
162.9806726105,89627.8024960953,43188.8924807163,-1.3905891533,-0.1352959163,9.6940000000,0.0000000000
163.5458974922,89628.3585680539,43188.9937878913,-1.4748834526,-0.1578384611,9.6940000000,0.0000000000
164.1030365283,89628.9131464151,43189.0471428053,-1.5662099676,-0.1516111214,9.6940000000,0.0000000000
164.6532430613,89629.4633471614,43189.0496662412,-1.6636423968,-0.1666092390,9.6940000000,0.0000000000
165.1979853079,89630.0057431482,43188.9991616990,-1.7293065985,-0.1792617275,9.6940000000,0.0000000000
165.7470290755,89630.5479038443,43188.9124966063,-1.8614085954,-0.1886463537,9.6940000000,0.0000000000
166.2913141687,89631.0693663104,43188.7565377685,-1.9648249894,-0.1941565917,9.6940000000,0.0000000000
166.8382185787,89631.5743613849,43188.5465748944,-2.0654941644,-0.1960179079,9.6940000000,0.0000000000
167.3902378368,89632.0602002721,43188.2844950650,-2.1608893737,-0.1660685779,9.6940000000,0.0000000000
167.9493629349,89632.5247711142,43187.9733764253,-2.2487904204,-0.1540529678,9.6940000000,0.0000000000
168.5169707284,89632.9668424846,43187.6173546413,-2.3272301816,-0.1346052161,9.6940000000,0.0000000000
169.0938378753,89633.3863911479,43187.2214321435,-2.3917204601,-0.1136201580,9.6940000000,0.0000000000
169.6800451419,89633.7859179201,43186.7924597461,-2.4474172082,-0.0922071673,9.6940000000,0.0000000000
170.2744185875,89634.1661694729,43186.3356353275,-2.4902624529,-0.0710616876,9.6940000000,0.0000000000
170.8753185788,89634.5304619807,43185.8577527390,-2.5203534340,-0.0500519322,9.6940000000,0.0000000000
171.4806460151,89634.8827887522,43185.3655260116,-2.5369991564,-0.0268747997,9.6940000000,0.0000000000
172.0879785427,89635.2280133717,43184.8658533576,-2.5393133800,-0.0041026534,9.6940000000,0.0000000000
172.6946121366,89635.5716847523,43184.3659590693,-2.5277425614,0.0193086364,9.6940000000,0.0000000000
173.2984936456,89635.9195319310,43183.8723243692,-2.5030860830,0.0406026915,9.6940000000,0.0000000000
173.8972802223,89636.2764068760,43183.3915066926,-2.4655315875,0.0622196919,9.6940000000,0.0000000000
174.4888123357,89636.6465435126,43182.9300859395,-2.4187904100,0.0843142365,9.6940000000,0.0000000000
175.0713428487,89637.0318809360,43182.4932142550,-2.3569548176,0.1061111457,9.6940000000,0.0000000000
175.6450727047,89637.4372606346,43182.0872176446,-2.2848816656,0.1262541057,9.6940000000,0.0000000000
176.2109419023,89637.8648837959,43181.7166149184,-2.2048381942,0.1500320605,9.6940000000,0.0000000000
176.7707437190,89638.3158823465,43181.3849850324,-2.1190221513,0.1368900318,9.6940000000,0.0000000000
177.3265339639,89638.7902218193,43181.0953216745,-2.0298573775,0.1512917335,9.6940000000,0.0000000000
177.8807528865,89639.2870618734,43180.8497436323,-1.9784902673,0.1630603267,9.6940000000,0.0000000000
178.4320246032,89639.7931500373,43180.6311680709,-1.8451064315,0.1674960337,9.6940000000,0.0000000000
178.9931304096,89640.3332773923,43180.4791741030,-1.7536690360,0.1676493665,9.6940000000,0.0000000000
179.5611936774,89640.8918683949,43180.3758688850,-1.6729748245,0.1611086702,9.6940000000,0.0000000000
180.1381646372,89641.4658300573,43180.3170173899,-1.5962283938,0.1221461595,9.6940000000,0.0000000000
180.7176664927,89642.0451445150,43180.3022810486,-1.5301732593,0.1188300387,9.6940000000,0.0000000000
181.3006016925,89642.6275987913,43180.3259551520,-1.4649509812,0.1118992546,9.6940000000,0.0000000000
181.8859446741,89643.2096659648,43180.3877953627,-1.3994532972,0.1052971596,9.6940000000,0.0000000000
182.4740252166,89643.7891350446,43180.4880665446,-1.3423574400,0.1012514572,9.6940000000,0.0000000000
183.0665761325,89644.3662921438,43180.6222539913,-1.2873032131,0.0925084931,9.6940000000,0.0000000000
183.6621006153,89644.9380458114,43180.7888287588,-1.2374028787,0.0776122449,9.6940000000,0.0000000000
184.2579556378,89645.5010914329,43180.9838232099,-1.1989175480,0.0648948115,9.6940000000,0.0000000000
184.8499071175,89646.0525808418,43181.1989185056,-1.1721420772,0.0557728119,9.6940000000,0.0000000000
185.4359549505,89646.5926732766,43181.4264096578,-1.1414849750,0.0490371885,9.6940000000,0.0000000000
186.0226324211,89647.1261112989,43181.6706110726,-1.1090077666,0.0476330949,9.6940000000,0.0000000000
186.6114822892,89647.6532832869,43181.9329731548,-1.0843359100,0.0487761833,9.6940000000,0.0000000000
187.1988230915,89648.1724885313,43182.2075548952,-1.0565593187,0.0490290408,9.6940000000,0.0000000000
187.7858933338,89648.6836319630,43182.4963175342,-1.0270996203,0.0483694783,9.6940000000,0.0000000000
188.3731665294,89649.1862216647,43182.8001158191,-0.9975947651,0.0430651241,9.6940000000,0.0000000000
188.9607474174,89649.6798889108,43183.1187754341,-0.9781177466,0.0322497260,9.6940000000,0.0000000000
189.5492013797,89650.1679805447,43183.4474768527,-0.9676347627,0.0305332245,9.6940000000,0.0000000000
190.1387857282,89650.6535305769,43183.7819179840,-0.9505217529,0.0343749172,9.6940000000,0.0000000000
190.7291466386,89651.1339184009,43184.1250703452,-0.9191044639,0.0345599315,9.6940000000,0.0000000000
191.3262206793,89651.6086273517,43184.4872150982,-0.8998593240,0.0321699655,9.6940000000,0.0000000000
191.9280839646,89652.0800304240,43184.8614056347,-0.9003927714,0.0107652324,9.6940000000,0.0000000000
192.5301824946,89652.5518173711,43185.2354908073,-0.9025457839,-0.0190235483,9.6940000000,0.0000000000
193.1314300791,89653.0237407213,43185.6080320928,-0.9325312268,-0.0368478923,9.6940000000,0.0000000000
193.7270745946,89653.5021210730,43185.9629188746,-0.9658907161,-0.0538927435,9.6940000000,0.0000000000
194.3172802920,89653.9875981803,43186.2985596701,-0.9985888373,-0.0690298335,9.6940000000,0.0000000000
194.9021682572,89654.4793179920,43186.6152701982,-1.0488891914,-0.0754977127,9.6940000000,0.0000000000
195.4819214957,89654.9818886728,43186.9042970626,-1.0979816329,-0.0894151406,9.6940000000,0.0000000000
196.0573223464,89655.4941623088,43187.1663311461,-1.1557455379,-0.1028201882,9.6940000000,0.0000000000
196.6314405319,89656.0195354730,43187.3978365007,-1.2248408808,-0.1151831835,9.6940000000,0.0000000000
197.2073689916,89656.5613412626,43187.5931313474,-1.2987964916,-0.1362895924,9.6940000000,0.0000000000
197.7798919831,89657.1128157615,43187.7469443924,-1.3872083563,-0.1555758174,9.6940000000,0.0000000000
198.3451609796,89657.6685854174,43187.8501390048,-1.4860258278,-0.1702127194,9.6940000000,0.0000000000
198.9076790017,89658.2290835117,43187.8977668478,-1.5878714011,-0.1787146765,9.6940000000,0.0000000000
199.4756525437,89658.7969742570,43187.8880691286,-1.6896298820,-0.1778807120,9.6940000000,0.0000000000
200.0514454298,89659.3687064203,43187.8198065387,-1.7906673194,-0.1750172175,9.6940000000,0.0000000000
200.6332752745,89659.9365290573,43187.6929072832,-1.8926028598,-0.1746800895,9.6940000000,0.0000000000
201.2184253001,89660.4916407543,43187.5078355232,-1.9969260210,-0.1776115455,9.6940000000,0.0000000000
201.8041518917,89661.0249871963,43187.2657256043,-2.1038213843,-0.1842517208,9.6940000000,0.0000000000
202.3871011715,89661.5270661714,43186.9695051364,-2.2146329598,-0.1914296963,9.6940000000,0.0000000000
202.9651584971,89661.9893956345,43186.6225155987,-2.3308009482,-0.2000199584,9.6940000000,0.0000000000
203.5388802923,89662.4052480252,43186.2272644287,-2.4477447013,-0.2164620927,9.6940000000,0.0000000000
204.1012673364,89662.7648946413,43185.7949063608,-2.5686770927,-0.2244192694,9.6940000000,0.0000000000
204.6427105765,89663.0584025564,43185.3399185741,-2.6948926659,-0.2179354819,9.6940000000,0.0000000000
205.1700062431,89663.2861898997,43184.8643624299,-2.8019153894,-0.2046434150,9.6940000000,0.0000000000
205.7169756006,89663.4684306894,43184.3486456737,-2.9003352481,-0.1849728413,9.6940000000,0.0000000000
206.2866354227,89663.6045359811,43183.7954841579,-3.0014695702,-0.1667675490,9.6940000000,0.0000000000
206.8642573788,89663.6852095474,43183.2235235825,-3.0964819195,-0.1615052999,9.6940000000,0.0000000000
207.4500696881,89663.7116270087,43182.6383072299,-3.1873944133,-0.1558305580,9.6940000000,0.0000000000
208.0415124602,89663.6845473593,43182.0474847140,-3.2770165830,-0.1504853022,9.6940000000,0.0000000000
208.6337602386,89663.6045877669,43181.4606594465,-3.3647414451,-0.1519784442,9.6940000000,0.0000000000
209.2235664529,89663.4740628060,43180.8854772101,-3.4551655531,-0.1545298457,9.6940000000,0.0000000000
209.8058858292,89663.2944409939,43180.3315531533,-3.5457901354,-0.1532866572,9.6940000000,0.0000000000
210.3794297571,89663.0688770430,43179.8042263654,-3.6312810478,-0.1519374798,9.6940000000,0.0000000000
210.9493078117,89662.8008343728,43179.3013206844,-3.7112014962,-0.1461856804,9.6940000000,0.0000000000
211.5224001040,89662.4917641569,43178.8187127926,-3.7915527806,-0.1299273838,9.6940000000,0.0000000000
212.0948080617,89662.1453688122,43178.3630142792,-3.8578195063,-0.1096097549,9.6940000000,0.0000000000
212.6619089748,89661.7730425008,43177.9352566801,-3.9037032802,-0.0971921331,9.6940000000,0.0000000000
213.2261461388,89661.3834650820,43177.5270986078,-3.9516686133,-0.0935837323,9.6940000000,0.0000000000
213.7905261087,89660.9746623507,43177.1379905543,-4.0135853093,-0.0941648406,9.6940000000,0.0000000000
214.3543860870,89660.5429641955,43176.7752581765,-4.0733296602,-0.1010409635,9.6940000000,0.0000000000
214.9210040627,89660.0881642132,43176.4373041760,-4.1199907319,-0.0949825612,9.6940000000,0.0000000000
215.4951004168,89659.6118915821,43176.1167562003,-4.1745219596,-0.0831099666,9.6940000000,0.0000000000
216.0756669778,89659.1132990625,43175.8193288458,-4.2148656216,-0.0746452126,9.6940000000,0.0000000000
216.6652979426,89658.5951506903,43175.5379271063,-4.2551725908,-0.0668534643,9.6940000000,0.0000000000
217.2614152756,89658.0602636667,43175.2747698404,-4.2881445973,-0.0507960324,9.6940000000,0.0000000000
217.8612835984,89657.5135736530,43175.0278446823,-4.3116784243,-0.0365040719,9.6940000000,0.0000000000
218.4607775169,89656.9615692101,43174.7939984652,-4.3255487665,-0.0288561350,9.6940000000,0.0000000000
219.0546913130,89656.4115422257,43174.5699361665,-4.3391827760,-0.0293554240,9.6940000000,0.0000000000
219.6380151453,89655.8683725729,43174.3572546638,-4.3724573468,-0.0601925468,9.6940000000,0.0000000000
220.2205151206,89655.3192047242,43174.1630359850,-4.4117081261,-0.0717484882,9.6940000000,0.0000000000
220.8049929040,89654.7609495006,43173.9899308592,-4.4817193895,-0.0721585368,9.6940000000,0.0000000000
221.3900837090,89654.1913556885,43173.8561618816,-4.4904234751,-0.0591399805,9.6940000000,0.0000000000
221.9798173279,89653.6160902209,43173.7263335989,-4.5175565152,-0.0437182406,9.6940000000,0.0000000000
222.5712558876,89653.0358416087,43173.6118298088,-4.5401404859,-0.0247875146,9.6940000000,0.0000000000
223.1653793539,89652.4505100585,43173.5099982340,-4.5568194493,-0.0376749025,9.6940000000,0.0000000000
223.7627427759,89651.8603607280,43173.4174410862,-4.5652597167,-0.0138029695,9.6940000000,0.0000000000
224.3632665509,89651.2663250116,43173.3294048896,-4.5761266606,0.0070313251,9.6940000000,0.0000000000
224.9762345568,89650.6590388232,43173.2461386795,-4.5394659224,0.0278958148,9.6940000000,0.0000000000
225.5770919576,89650.0671425934,43173.1427536268,-4.5160551638,0.0486103344,9.6940000000,0.0000000000
226.1747602357,89649.4809565102,43173.0261635472,-4.4805816306,0.0671446263,9.6940000000,0.0000000000
226.7671181257,89648.9044425531,43172.8900770783,-4.4327984519,0.0760756886,9.6940000000,0.0000000000
227.3524452292,89648.3418445688,43172.7285489814,-4.3755316727,0.1017420455,9.6940000000,0.0000000000
227.9291510699,89647.7975507176,43172.5379346315,-4.3044858052,0.1253146260,9.6940000000,0.0000000000
228.4966343916,89647.2766267807,43172.3128222765,-4.2207392374,0.1502757685,9.6940000000,0.0000000000
229.0548843421,89646.7844986080,43172.0492831545,-4.1242263235,0.1747176531,9.6940000000,0.0000000000
229.6050382089,89646.3267917706,43171.7440394352,-4.0176032217,0.1951325051,9.6940000000,0.0000000000
230.1489324469,89645.9089771767,43171.3958269898,-3.9040239293,0.2110707162,9.6940000000,0.0000000000
230.6887541826,89645.5361321915,43171.0054500906,-3.7846790668,0.2213755409,9.6940000000,0.0000000000
231.2270262419,89645.2133475589,43170.5746985487,-3.6622452279,0.2265541860,9.6940000000,0.0000000000
231.7660616341,89644.9452063714,43170.1070881793,-3.5391869408,0.2270828791,9.6940000000,0.0000000000
232.3075549804,89644.7355393845,43169.6078339368,-3.4172647318,0.2237032758,9.6940000000,0.0000000000
232.8525981657,89644.5871820630,43169.0833702308,-3.2975173440,0.2187084716,9.6940000000,0.0000000000
233.4014302490,89644.5019519321,43168.5411963836,-3.1799044278,0.2215854346,9.6940000000,0.0000000000
233.9536850448,89644.4807992466,43167.9893468359,-3.0639329738,0.1896480504,9.6940000000,0.0000000000
234.5090866966,89644.5238882187,43167.4356191634,-2.9499304163,0.1897514675,9.6940000000,0.0000000000
235.0674958817,89644.6302601190,43166.8874350366,-2.8832267307,0.1914891559,9.6940000000,0.0000000000
235.6514089411,89644.7794505209,43166.3229027656,-2.7302023830,0.1950883006,9.6940000000,0.0000000000
236.2270538840,89645.0096417166,43165.7952863201,-2.6202246534,0.1990770384,9.6940000000,0.0000000000
236.8019641704,89645.2959854716,43165.2967593986,-2.5136839302,0.2039692500,9.6940000000,0.0000000000
237.3737364448,89645.6318751880,43164.8340482228,-2.4134466596,0.1707439525,9.6940000000,0.0000000000
237.9448763368,89646.0119613223,43164.4077439809,-2.3182476517,0.1622341801,9.6940000000,0.0000000000
238.5177619908,89646.4321292763,43164.0183125197,-2.2344561775,0.1423369243,9.6940000000,0.0000000000
239.0969786289,89646.8884031457,43163.6615127578,-2.1656687178,0.1236004223,9.6940000000,0.0000000000
239.6844762806,89647.3749804614,43163.3322772698,-2.1050951360,0.1030042533,9.6940000000,0.0000000000
240.2755069117,89647.8836367382,43163.0313021896,-2.0502866632,0.0853850868,9.6940000000,0.0000000000
240.8698415407,89648.4109483460,43162.7571195505,-2.0111540576,0.0722528478,9.6940000000,0.0000000000
241.4669707295,89648.9511109525,43162.5025854142,-1.9786273279,0.0545018470,9.6940000000,0.0000000000
242.0671262815,89649.5020436955,43162.2645522245,-1.9531238917,0.0332638384,9.6940000000,0.0000000000
242.6665194719,89650.0581599659,43162.0409300197,-1.9468897058,0.0146276500,9.6940000000,0.0000000000
243.2641256317,89650.6139973940,43161.8214354281,-1.9509765839,-0.0024335315,9.6940000000,0.0000000000
243.8614321674,89651.1686549047,43161.5997822229,-1.9573432997,-0.0121878597,9.6940000000,0.0000000000
244.4596965855,89651.7227771869,43161.3742410729,-1.9634449138,-0.0107115476,9.6940000000,0.0000000000
245.0602127107,89652.2775933473,43161.1444615158,-1.9662470081,-0.0041794563,9.6940000000,0.0000000000
245.6640297487,89652.8348096248,43160.9118566245,-1.9626895112,0.0050000360,9.6940000000,0.0000000000
246.2715872278,89653.3963067351,43160.6798068766,-1.9509962174,0.0216453875,9.6940000000,0.0000000000
246.8822294985,89653.9633433304,43160.4531938091,-1.9293981491,0.0358377510,9.6940000000,0.0000000000
247.5113712338,89654.5524643852,43160.2323868665,-1.8939402923,0.0476947415,9.6940000000,0.0000000000
248.1183772948,89655.1280528698,43160.0396324776,-1.8631761275,0.0581614388,9.6940000000,0.0000000000
248.7201663766,89655.7043024162,43159.8661777017,-1.8235566913,0.0685469424,9.6940000000,0.0000000000
249.3145832796,89656.2798322012,43159.7175273702,-1.7751056916,0.0807263327,9.6940000000,0.0000000000
249.8993558885,89656.8524423245,43159.5988823073,-1.7177665433,0.1002416492,9.6940000000,0.0000000000
250.4724239910,89657.4193323541,43159.5149612466,-1.6512476237,0.1190084922,9.6940000000,0.0000000000
251.0321366276,89657.9772346223,43159.4699801984,-1.5754370246,0.1391808066,9.6940000000,0.0000000000
251.5774358310,89658.5225279539,43159.4674496387,-1.4904596602,0.1603747116,9.6940000000,0.0000000000
252.1080334795,89659.0514142897,43159.5100302481,-1.3967218227,0.1821190858,9.6940000000,0.0000000000
252.6245693690,89659.5601439033,43159.5994925611,-1.2950726655,0.2012658560,9.6940000000,0.0000000000
253.1287085594,89660.0452409688,43159.7367410959,-1.1869014767,0.2176590353,9.6940000000,0.0000000000
253.6231867375,89660.5037275221,43159.9219403104,-1.0761627777,0.2282190052,9.6940000000,0.0000000000
254.1129872146,89660.9348218496,43160.1544530806,-0.9621556809,0.2309357240,9.6940000000,0.0000000000
254.6013514511,89661.3354885617,43160.4336766705,-0.8512718856,0.2250821896,9.6940000000,0.0000000000
255.0928206524,89661.7051319942,43160.7575681780,-0.7460732690,0.2113742665,9.6940000000,0.0000000000
255.5913357684,89662.0435042973,43161.1236576554,-0.6491961564,0.1901840291,9.6940000000,0.0000000000
256.1001382896,89662.3510989705,43161.5289544881,-0.5627973267,0.1660105878,9.6940000000,0.0000000000
256.6215935582,89662.6293236014,43161.9699835710,-0.4879374318,0.1398466365,9.6940000000,0.0000000000
257.1569795147,89662.8803152237,43162.4428908853,-0.4251140288,0.1149240639,9.6940000000,0.0000000000
257.7064920952,89663.1069477649,43162.9434922910,-0.3745234640,0.0911812957,9.6940000000,0.0000000000
258.2693412764,89663.3128543558,43163.4673259255,-0.3339869907,0.0692208308,9.6940000000,0.0000000000
258.8448205821,89663.5015035534,43164.0110058970,-0.3068780696,0.0437850636,9.6940000000,0.0000000000
259.4297251123,89663.6781938743,43164.5685844475,-0.2920621459,0.0263880814,9.6940000000,0.0000000000
260.0211285302,89663.8484752732,43165.1349432100,-0.2934577193,0.0081081438,9.6940000000,0.0000000000
260.6159652652,89664.0205400358,43165.7043503216,-0.2899333680,-0.0086669329,9.6940000000,0.0000000000
261.2104983232,89664.1905101255,43166.2740693100,-0.3092641211,-0.0273488604,9.6940000000,0.0000000000
261.8012946166,89664.3703235571,43166.8368369264,-0.3387087242,-0.0499324611,9.6940000000,0.0000000000
262.3854592603,89664.5644236268,43167.3878119658,-0.3835178361,-0.0800082717,9.6940000000,0.0000000000
262.9612365059,89664.7798708685,43167.9217613290,-0.4436501887,-0.1048163747,9.6940000000,0.0000000000
263.5280236344,89665.0231580850,43168.4336782943,-0.5171016447,-0.1314597120,9.6940000000,0.0000000000
264.0859198041,89665.2989612009,43168.9186327018,-0.6019704352,-0.1542152183,9.6940000000,0.0000000000
264.6359991717,89665.6104533498,43169.3720199004,-0.6963773959,-0.1731014719,9.6940000000,0.0000000000
265.1800883186,89665.9594553862,43169.7894292659,-0.7979903044,-0.1941447464,9.6940000000,0.0000000000
265.7199756352,89666.3459901264,43170.1663499595,-0.9054280171,-0.1867988785,9.6940000000,0.0000000000
266.2574736306,89666.7688341357,43170.4981737665,-1.0172671605,-0.1992640042,9.6940000000,0.0000000000
266.7940230856,89667.2252631108,43170.7802338812,-1.0973933051,-0.2053901793,9.6940000000,0.0000000000
267.3182479779,89667.6918347700,43171.0192372797,-1.2424916326,-0.2087068757,9.6940000000,0.0000000000
267.8690657330,89668.2132335339,43171.1968422584,-1.3520843953,-0.2113890672,9.6940000000,0.0000000000
268.4186599157,89668.7497351379,43171.3160890380,-1.4638992320,-0.2169793499,9.6940000000,0.0000000000
268.9649295114,89669.2928865963,43171.3743725219,-1.5777177960,-0.2035447811,9.6940000000,0.0000000000
269.5144323795,89669.8423763020,43171.3705691850,-1.6963669065,-0.2152957884,9.6940000000,0.0000000000
270.0683583517,89670.3919408654,43171.3011950305,-1.8197569631,-0.2170226139,9.6940000000,0.0000000000
270.6258808713,89670.9322744311,43171.1638232805,-1.9390839495,-0.2125028100,9.6940000000,0.0000000000
271.1886020728,89671.4572624752,43170.9612332903,-2.0522553941,-0.1942160142,9.6940000000,0.0000000000
271.7540806850,89671.9584575986,43170.6993754871,-2.1542837244,-0.1953574926,9.6940000000,0.0000000000
272.3182849344,89672.4293122181,43170.3885341091,-2.2451184109,-0.1691132079,9.6940000000,0.0000000000
272.8835864291,89672.8708864006,43170.0355779909,-2.3572445852,-0.1423957623,9.6940000000,0.0000000000
273.4479566041,89673.2695370971,43169.6360891717,-2.3916720072,-0.1168892020,9.6940000000,0.0000000000
274.0324805563,89673.6679373391,43169.2083678865,-2.4518005678,-0.0921999791,9.6940000000,0.0000000000
274.6235365830,89674.0440716911,43168.7524400677,-2.5010442177,-0.0682447856,9.6940000000,0.0000000000
275.2192165618,89674.4000710439,43168.2748428547,-2.5394657551,-0.0700383106,9.6940000000,0.0000000000
275.8175381491,89674.7389583566,43167.7817464026,-2.5672155040,-0.0463911562,9.6940000000,0.0000000000
276.4167770861,89675.0645320584,43167.2786668180,-2.5850351283,-0.0297437252,9.6940000000,0.0000000000
277.0159305801,89675.3810447188,43166.7699383589,-2.5937705229,-0.0142473639,9.6940000000,0.0000000000
277.6146220239,89675.6928607667,43166.2588589158,-2.5943683299,-0.0007380656,9.6940000000,0.0000000000
278.2124254145,89676.0039091611,43165.7483515308,-2.5881841070,0.0097106466,9.6940000000,0.0000000000
278.8092599304,89676.3175994481,43165.2406017467,-2.5783013597,0.0162978668,9.6940000000,0.0000000000
279.4045680901,89676.6354772662,43164.7372673670,-2.5675174595,0.0182592314,9.6940000000,0.0000000000
279.9983868227,89676.9579555575,43164.2386408146,-2.5579103018,0.0158469630,9.6940000000,0.0000000000
280.5913172059,89677.2847197076,43163.7438765985,-2.5520265474,0.0103629307,9.6940000000,0.0000000000
281.1834191630,89677.6139286507,43163.2517321081,-2.5510237529,0.0022498676,9.6940000000,0.0000000000
281.7737025456,89677.9426183044,43162.7614285457,-2.5559112955,-0.0090466581,9.6940000000,0.0000000000
282.3623457185,89678.2680010080,43162.2708912064,-2.5688968304,-0.0231663623,9.6940000000,0.0000000000
282.9488306859,89678.5858170366,43161.7779839241,-2.5921560622,-0.0391067017,9.6940000000,0.0000000000
283.5325936751,89678.8906620546,43161.2801398295,-2.6249405651,-0.0593800321,9.6940000000,0.0000000000
284.1132525378,89679.1774912608,43160.7752698252,-2.6658070025,-0.0619759636,9.6940000000,0.0000000000
284.6907240150,89679.4419945521,43160.2619362924,-2.7146244140,-0.0789822705,9.6940000000,0.0000000000
285.2654247772,89679.6799856804,43159.7388290481,-2.7476378533,-0.0959641447,9.6940000000,0.0000000000
285.8318661527,89679.8974103863,43159.2157780667,-2.8304756836,-0.1081226017,9.6940000000,0.0000000000
286.3984639866,89680.0708585470,43158.6763813288,-2.8977435573,-0.1226651826,9.6940000000,0.0000000000
286.9623590150,89680.2070051538,43158.1291686604,-2.9652337444,-0.1382780412,9.6940000000,0.0000000000
287.5322284730,89680.3069865451,43157.5681384289,-3.0468634554,-0.1304596393,9.6940000000,0.0000000000
288.1013309113,89680.3608165700,43157.0015875365,-3.1278443547,-0.1340226802,9.6940000000,0.0000000000
288.6753858952,89680.3687086009,43156.4275868044,-3.1992559919,-0.1345672526,9.6940000000,0.0000000000
289.2541127151,89680.3353557710,43155.8498218689,-3.2742555851,-0.1308401919,9.6940000000,0.0000000000
289.8376605687,89680.2581674798,43155.2714015502,-3.3554103974,-0.1303954599,9.6940000000,0.0000000000
290.4251791452,89680.1335005951,43154.6972619803,-3.4321729165,-0.1314195686,9.6940000000,0.0000000000
291.0083956606,89679.9664042751,43154.1384951921,-3.5044313320,-0.1299614822,9.6940000000,0.0000000000
291.5810435064,89679.7631546498,43153.6031306947,-3.5768049266,-0.1315552252,9.6940000000,0.0000000000
292.1463126709,89679.5248355330,43153.0905556007,-3.6529480931,-0.1334460857,9.6940000000,0.0000000000
292.7097229685,89679.2491252104,43152.5992156151,-3.7308062165,-0.1289434507,9.6940000000,0.0000000000
293.2763827421,89678.9342281989,43152.1281071657,-3.7975699372,-0.1226450436,9.6940000000,0.0000000000
293.8510734730,89678.5837047912,43151.6726922154,-3.8557510275,-0.1027156543,9.6940000000,0.0000000000
294.4326390985,89678.2027899617,43151.2332351988,-3.9119034504,-0.0804643322,9.6940000000,0.0000000000
295.0122484866,89677.7991741366,43150.8172528573,-3.9414658858,-0.0677790542,9.6940000000,0.0000000000
295.5900756664,89677.3847173266,43150.4146242413,-3.9756102391,-0.0621691146,9.6940000000,0.0000000000
296.1738880640,89676.9523243927,43150.0223574109,-4.0184471388,-0.0620707724,9.6940000000,0.0000000000
296.7655279017,89676.4975125672,43149.6439609244,-4.0636724077,-0.0837750869,9.6940000000,0.0000000000
297.3607932439,89676.0231695127,43149.2843229200,-4.1122331057,-0.0875880786,9.6940000000,0.0000000000
297.9540284311,89675.5336036033,43148.9492808216,-4.1763325817,-0.0761971700,9.6940000000,0.0000000000
298.5492034032,89675.0219140900,43148.6452954775,-4.2042672212,-0.0653661594,9.6940000000,0.0000000000
299.1413975744,89674.5045378003,43148.3571710059,-4.2270440166,-0.0544282945,9.6940000000,0.0000000000
299.7295779921,89673.9842839442,43148.0827768932,-4.2643865652,-0.0457133534,9.6940000000,0.0000000000
300.3166683386,89673.4551310865,43147.8284693467,-4.2995053357,-0.0617212387,9.6940000000,0.0000000000
300.8996128669,89672.9211728072,43147.5945615037,-4.3379397316,-0.0823035483,9.6940000000,0.0000000000
301.4782159206,89672.3826616186,43147.3829316534,-4.3969147803,-0.0924207921,9.6940000000,0.0000000000
302.0550854125,89671.8342610071,43147.2039479114,-4.4637144155,-0.1019546543,9.6940000000,0.0000000000
302.6253336387,89671.2815539081,43147.0635986964,-4.5140767494,-0.1037218405,9.6940000000,0.0000000000
303.1967792298,89670.7213083706,43146.9510153875,-4.5694630040,-0.0970752858,9.6940000000,0.0000000000
303.7674413401,89670.1564650405,43146.8697303554,-4.6240397502,-0.0924514368,9.6940000000,0.0000000000
304.3386647189,89669.5874695786,43146.8193288382,-4.6769464109,-0.0918356982,9.6940000000,0.0000000000
304.9124165198,89669.0140781066,43146.7989978573,-4.7250147526,-0.0830003853,9.6940000000,0.0000000000
305.4899674774,89668.4365731821,43146.8062896904,-4.7665595352,-0.0724837885,9.6940000000,0.0000000000
306.0721215778,89667.8552730237,43146.8378098800,-4.8014001970,-0.0593357473,9.6940000000,0.0000000000
306.6598583259,89667.2698630568,43146.8900559882,-4.8285215299,-0.0446782237,9.6940000000,0.0000000000
307.2533382624,89666.6803806879,43146.9588235075,-4.8449961864,-0.0281337071,9.6940000000,0.0000000000
307.8515936672,89666.0873776418,43147.0379241822,-4.8507602831,-0.0094562244,9.6940000000,0.0000000000
308.4534382816,89665.4912854845,43147.1209367111,-4.8444087133,0.0107934501,9.6940000000,0.0000000000
309.0560624747,89664.8939052999,43147.2002640910,-4.8255115628,0.0314389798,9.6940000000,0.0000000000
309.6569730600,89664.2968354581,43147.2680957615,-4.7940384282,0.0522916058,9.6940000000,0.0000000000
310.2544356691,89663.7013632747,43147.3168240692,-4.7510559902,0.0724712664,9.6940000000,0.0000000000
310.8466617652,89663.1095798532,43147.3397179755,-4.6973711375,0.0918768141,9.6940000000,0.0000000000
311.4324277027,89662.5238799700,43147.3309213654,-4.6335616939,0.1103617446,9.6940000000,0.0000000000
312.0112107760,89661.9468941698,43147.2853447008,-4.5603591913,0.1278908183,9.6940000000,0.0000000000
312.5828480517,89661.3818503224,43147.1987731965,-4.4789131989,0.1524200411,9.6940000000,0.0000000000
313.1476731885,89660.8323499562,43147.0680950319,-4.3902446227,0.1393255634,9.6940000000,0.0000000000
313.7064902539,89660.3022791709,43146.8911728023,-4.2951868292,0.1575256890,9.6940000000,0.0000000000
314.2604887980,89659.7957991777,43146.6666902789,-4.2430121608,0.1758574839,9.6940000000,0.0000000000
314.8064383351,89659.3088938947,43146.4197406029,-4.0957222367,0.1906771393,9.6940000000,0.0000000000
315.3623173455,89658.8554018664,43146.0982651694,-3.9872972224,0.1994833519,9.6940000000,0.0000000000
315.9185348812,89658.4391072088,43145.7293794077,-3.8840411231,0.2039919215,9.6940000000,0.0000000000
316.4801731637,89658.0593869323,43145.3155556869,-3.7868876761,0.1665968700,9.6940000000,0.0000000000
317.0474829924,89657.7181874193,43144.8623191768,-3.6941002586,0.1596278107,9.6940000000,0.0000000000
317.6174967518,89657.4190308725,43144.3771171092,-3.6105369631,0.1484269045,9.6940000000,0.0000000000
318.1891981772,89657.1606533787,43143.8671331972,-3.5320683013,0.1400367812,9.6940000000,0.0000000000
318.7632794220,89656.9421418087,43143.3362641272,-3.4558319755,0.1294979541,9.6940000000,0.0000000000
319.3418534580,89656.7633085480,43142.7860218352,-3.3843238127,0.1159718391,9.6940000000,0.0000000000
319.9271296102,89656.6226347237,43142.2179029660,-3.3261292046,0.1031486315,9.6940000000,0.0000000000
320.5209792704,89656.5136686718,43141.6341360447,-3.2771693121,0.0862784575,9.6940000000,0.0000000000
321.1216716466,89656.4324780688,43141.0389558897,-3.2288509618,0.0695786531,9.6940000000,0.0000000000
321.7232010575,89656.3800562127,43140.4397150523,-3.1974805510,0.0597515485,9.6940000000,0.0000000000
322.3215481084,89656.3466332596,43139.8423022140,-3.1709889523,0.0464532778,9.6940000000,0.0000000000
322.9174678148,89656.3291179488,43139.2466399687,-3.1449259219,0.0322960739,9.6940000000,0.0000000000
323.5116396095,89656.3271374184,43138.6524714748,-3.1327988324,0.0306048456,9.6940000000,0.0000000000
324.1028993681,89656.3323367840,43138.0612345775,-3.1172572747,0.0317428679,9.6940000000,0.0000000000
324.6902452403,89656.3466286577,43137.4740626130,-3.0894434707,0.0418818763,9.6940000000,0.0000000000
325.2780086619,89656.3772661488,43136.8870982325,-3.0619764025,0.0484358271,9.6940000000,0.0000000000
325.8668275040,89656.4240961869,43136.3001445919,-3.0299604489,0.0369038957,9.6940000000,0.0000000000
326.4583835786,89656.4899958257,43135.7122706028,-3.0221070485,0.0238030754,9.6940000000,0.0000000000
327.0500085169,89656.5605184033,43135.1248639007,-3.0232223425,0.0145044038,9.6940000000,0.0000000000
327.6406649412,89656.6302714302,43134.5383406473,-3.0093332346,0.0094917258,9.6940000000,0.0000000000
328.2344734151,89656.7085794260,43133.9497182204,-3.0027867957,0.0119062231,9.6940000000,0.0000000000
328.8316238391,89656.7912014912,43133.3583112342,-3.0015548674,-0.0019832171,9.6940000000,0.0000000000
329.4278239378,89656.8744194176,43132.7679475036,-3.0143902237,-0.0266267095,9.6940000000,0.0000000000
330.0197093340,89656.9495058066,43132.1808441427,-3.0488678725,-0.0443992332,9.6940000000,0.0000000000
330.6049495305,89657.0036943466,43131.5981180580,-3.0810508157,-0.0589166876,9.6940000000,0.0000000000
331.1847460395,89657.0387748535,43131.0193837927,-3.1139061770,-0.0620139154,9.6940000000,0.0000000000
331.7605236974,89657.0547140717,43130.4438267994,-3.1512405460,-0.0566385946,9.6940000000,0.0000000000
332.3345833280,89657.0491756920,43129.8697938857,-3.1833670474,-0.0580963607,9.6940000000,0.0000000000
332.9111313279,89657.0250977533,43129.2937488797,-3.2185073435,-0.0720007769,9.6940000000,0.0000000000
333.4922739140,89656.9804434101,43128.7143244282,-3.2686964512,-0.0875043585,9.6940000000,0.0000000000
334.0736755087,89656.9067438747,43128.1376128947,-3.3384617507,-0.1004955033,9.6940000000,0.0000000000
334.6497780827,89656.7940582869,43127.5726384404,-3.3981541248,-0.1132872392,9.6940000000,0.0000000000
335.2242568349,89656.6482808113,43127.0169633875,-3.4568296398,-0.1136308346,9.6940000000,0.0000000000
335.7969996975,89656.4707065900,43126.4724436150,-3.5301824250,-0.1122068116,9.6940000000,0.0000000000
336.3701314036,89656.2535563261,43125.9420421488,-3.5912152744,-0.1155886916,9.6940000000,0.0000000000
336.9470442903,89656.0028151628,43125.4224679501,-3.6576752879,-0.1093666654,9.6940000000,0.0000000000
337.5243056119,89655.7179501110,43124.9203897335,-3.7171244021,-0.1006002803,9.6940000000,0.0000000000
338.1074159777,89655.4005742454,43124.4312166980,-3.7689203439,-0.0981823844,9.6940000000,0.0000000000
338.6918295597,89655.0575331991,43123.9580760474,-3.8274261219,-0.0911842844,9.6940000000,0.0000000000
339.2750684215,89654.6881573864,43123.5067124700,-3.8818570884,-0.0957372301,9.6940000000,0.0000000000
339.8605078694,89654.2932883348,43123.0744882467,-3.9362530411,-0.1005288520,9.6940000000,0.0000000000
340.4489447878,89653.8733646044,43122.6622722018,-4.0044027990,-0.0987464378,9.6940000000,0.0000000000
341.0419287121,89653.4228907204,43122.2766516445,-4.0641777186,-0.1069199670,9.6940000000,0.0000000000
341.6290408412,89652.9548654539,43121.9221759724,-4.1250623392,-0.1226804186,9.6940000000,0.0000000000
342.2020580088,89652.4778716034,43121.6046455944,-4.2087527271,-0.1377963525,9.6940000000,0.0000000000
342.7725646000,89651.9782028467,43121.3293114262,-4.3021624664,-0.1535283399,9.6940000000,0.0000000000
343.3458064110,89651.4525226171,43121.1006928134,-4.3905566297,-0.1568897587,9.6940000000,0.0000000000
343.9211630371,89650.9067062797,43120.9187044265,-4.4725743112,-0.1450182483,9.6940000000,0.0000000000
344.4970501809,89650.3472998673,43120.7819182128,-4.5475627410,-0.1295450318,9.6940000000,0.0000000000
345.0718508724,89649.7802895179,43120.6876043820,-4.6139756945,-0.1137653664,9.6940000000,0.0000000000
345.6445543349,89649.2103571844,43120.6313336871,-4.6708910799,-0.1001685820,9.6940000000,0.0000000000
346.2152254509,89648.6401773673,43120.6076588303,-4.7214285524,-0.0956334692,9.6940000000,0.0000000000
346.7853717654,89648.0700543471,43120.6128126387,-4.7759243275,-0.0991789561,9.6940000000,0.0000000000
347.3597698163,89647.4968152542,43120.6492826700,-4.8381590657,-0.0964760096,9.6940000000,0.0000000000
347.9430841868,89646.9181082722,43120.7224529091,-4.8934873952,-0.0842946887,9.6940000000,0.0000000000
348.5352344330,89646.3356417843,43120.8291051691,-4.9234235847,-0.0616935684,9.6940000000,0.0000000000
349.1284189866,89645.7556171975,43120.9533605240,-4.9438583860,-0.0340963291,9.6940000000,0.0000000000
349.7245233944,89645.1754106841,43121.0901116367,-4.9549224905,-0.0190435372,9.6940000000,0.0000000000
350.3225322064,89644.5949040136,43121.2337310808,-4.9578529155,-0.0085943239,9.6940000000,0.0000000000
350.9184497676,89644.0168492659,43121.3785428498,-4.9636452709,0.0032783060,9.6940000000,0.0000000000
351.5146710366,89643.4393488403,43121.5267759775,-4.9513222225,0.0112245881,9.6940000000,0.0000000000
352.1079615081,89642.8629131619,43121.6671878435,-4.9402797076,0.0176268320,9.6940000000,0.0000000000
352.7022469110,89642.2839929513,43121.8014507568,-4.9322186340,0.0188070243,9.6940000000,0.0000000000
353.2978454406,89641.7027277327,43121.9313289849,-4.9245762703,0.0066730689,9.6940000000,0.0000000000
353.8919201204,89641.1219765955,43122.0564403025,-4.9290197091,-0.0064174869,9.6940000000,0.0000000000
354.4850842483,89640.5426763838,43122.1839351943,-4.9445173999,-0.0230879319,9.6940000000,0.0000000000
355.0781299793,89639.9655367572,43122.3203649948,-4.9676481227,-0.0400925430,9.6940000000,0.0000000000
355.6710791225,89639.3918004140,43122.4700823781,-5.0004088110,-0.0542442893,9.6940000000,0.0000000000
356.2620718905,89638.8251516840,43122.6379563444,-5.0390718374,-0.0684826327,9.6940000000,0.0000000000
356.8484970617,89638.2697413474,43122.8261419961,-5.0874876700,-0.0825561744,9.6940000000,0.0000000000
357.4300336431,89637.7286381496,43123.0391962728,-5.1428534033,-0.0947828430,9.6940000000,0.0000000000
358.0075993045,89637.2037626210,43123.2802103237,-5.2025203935,-0.1044800101,9.6940000000,0.0000000000
358.5817331410,89636.6972209844,43123.5504791390,-5.2653381922,-0.1086532654,9.6940000000,0.0000000000
359.1530509208,89636.2110413792,43123.8505347957,-5.3281405258,-0.1100470682,9.6940000000,0.0000000000
359.7228259741,89635.7459114369,43124.1796210276,-5.3899480026,-0.1108835670,9.6940000000,0.0000000000
360.2928787754,89635.3017802949,43124.5369832038,-5.4527021868,-0.1109956719,9.6940000000,0.0000000000
360.8655001792,89634.8790383456,43124.9232273188,-5.5161345114,-0.1075338436,9.6940000000,0.0000000000
361.4430497467,89634.4782103118,43125.3390402459,-5.5747423258,-0.0962263951,9.6940000000,0.0000000000
