x,y,z,x_quat,y_quat,z_quat,w_quat,speed
89635.0699806,43126.8600989,0.0,0.0,0.0,-0.886016148350828,0.4636543808286121,11.11
89636.7245077,43125.731432399996,0.0,0.0,0.0,-0.881297342981469,0.4725621580848417,11.11
89638.4021171,43124.6662955,0.0,0.0,0.0,-0.870131751516281,0.49281917069368253,11.11
89640.154027,43123.7000145,0.0,0.0,0.0,-0.8504532743328619,0.5260505946926721,11.11
89641.9852811,43122.8995002,0.0,0.0,0.0,-0.8212600278776995,0.5705540873662377,11.11
89643.89776430001,43122.3256496,0.0,0.0,0.0,-0.7811632135485301,0.6243268645497593,10.8490151
89645.8762764,43122.0397669,0.0,0.0,0.0,-0.7278552147275991,0.6857308410694685,10.2713833
89647.8704411,43122.112719,0.0,0.0,0.0,-0.6560321659570962,0.7547329310621347,9.9282824
89649.81141200001,43122.6113225,0.0,0.0,0.0,-0.5657808573018441,0.8245556509483094,9.8160449
89651.5962408,43123.5842828,0.0,0.0,0.0,-0.4536379392319468,0.8911860748964789,9.7253821
89653.0249042,43124.944118499996,0.0,0.0,0.0,-0.33519938460160253,0.9421472138486144,9.6338661
89654.1629866,43126.474771,0.0,0.0,0.0,-0.29808288046171727,0.9545399920252926,10.1220496
89655.1365261,43128.2053002,0.0,0.0,0.0,-0.20599753830649897,0.9785525096854345,10.8496779
89655.776327,43130.1602359,0.0,0.0,0.0,-0.10609599252931383,0.9943558922082273,10.7494682
89656.03692710001,43132.1236268,0.0,0.0,0.0,-0.0357609734733203,0.9993603718260198,10.6483155
89656.1268347,43134.1448329,0.0,0.0,0.0,-0.015598667356869537,0.9998783333869625,11.11
89656.20953020001,43136.137141,0.0,0.0,0.0,-0.03181298141628498,0.9994938390072282,11.11
89656.4119618,43138.146507,0.0,0.0,0.0,-0.06800642042345928,0.997684883508409,10.5826869
89656.7506878,43140.1072232,0.0,0.0,0.0,-0.107555194455467,0.9941991149390783,9.2043337
89657.35052400001,43141.9934259,0.0,0.0,0.0,-0.21169921064923555,0.9773348680009788,9.0101448
89658.4330124,43143.7006386,0.0,0.0,0.0,-0.3458389868036098,0.9382938746505024,8.9269254
89659.9554375,43144.9887772,0.0,0.0,0.0,-0.4848810461286337,0.8745801113135387,8.8429228
89661.60328550001,43145.915745,0.0,0.0,0.0,-0.518783182585259,0.8549058483053615,9.6695433
89663.42402230001,43146.7312091,0.0,0.0,0.0,-0.5661051524887797,0.8243330372644635,10.6267466
89665.3472822,43147.3959549,0.0,0.0,0.0,-0.5922970557034208,0.8057196769379898,11.11
89667.3639201,43147.9727553,0.0,0.0,0.0,-0.6091039267546757,0.7930904150297333,11.11
89669.2598763,43148.4766443,0.0,0.0,0.0,-0.606227403939317,0.7952913520924242,11.11
89671.1797489,43149.0309733,0.0,0.0,0.0,-0.5984493083918608,0.8011606738259832,11.11
89673.0372668,43149.6116762,0.0,0.0,0.0,-0.5727679506099105,0.819717557914995,10.822855
89674.8308116,43150.4708128,0.0,0.0,0.0,-0.4908927762069381,0.871219996480708,10.4759502
89676.452888,43151.7006298,0.0,0.0,0.0,-0.3951840029320225,0.9186019833565695,10.2657338
89677.7409453,43153.2141891,0.0,0.0,0.0,-0.2932065210258509,0.9560491284593681,10.1709175
89678.6828395,43154.9924896,0.0,0.0,0.0,-0.19578781608341633,0.9806462823430712,10.075209
89679.3102645,43156.819111799996,0.0,0.0,0.0,-0.13168535568322776,0.9912915651303514,10.8369103
89679.6978239,43158.7493586,0.0,0.0,0.0,-0.06595558681438528,0.9978225596607696,10.5206898
89679.7871045,43160.8125729,0.0,0.0,0.0,0.028186666336212658,0.9996026769876374,10.2786001
89679.47932350001,43162.7718541,0.0,0.0,0.0,0.12557098415615864,0.9920846374871721,10.1743466
89678.7882506,43164.6560849,0.0,0.0,0.0,0.22629814638102272,0.9740580829419327,9.8020105
89677.71664510001,43166.3278514,0.0,0.0,0.0,0.33629689965039383,0.9417560168565597,9.430851
89676.2890927,43167.7152482,0.0,0.0,0.0,0.437947401623216,0.899000597002846,9.319944
89674.5973876,43168.7935588,0.0,0.0,0.0,0.5218979084434158,0.8530079560955971,8.6978107
89672.622577,43169.5684769,0.0,0.0,0.0,0.6037488879913218,0.7971745607138014,7.5909031
89670.68202230001,43169.848679099996,0.0,0.0,0.0,0.7186345909437324,0.6953878951341722,7.520792
89668.8311989,43169.5817623,0.0,0.0,0.0,0.7684187715394215,0.6399473349783139,7.4500212
89667.0866185,43168.8460405,0.0,0.0,0.0,0.8902438481549911,0.45548423773188157,8.2834657
89665.576558,43167.424756399996,0.0,0.0,0.0,0.935536442536988,0.35323018654304866,8.2055181
89664.3308959,43165.8778387,0.0,0.0,0.0,0.9481488781574845,0.3178265326380157,9.3406851
89663.05999760001,43164.148231,0.0,0.0,0.0,0.9503696920505167,0.3111228831696668,8.754599
89661.8666686,43162.636022599996,0.0,0.0,0.0,0.9325490476341172,0.36104331285415203,7.7815643
89660.3527089,43161.3713145,0.0,0.0,0.0,0.9001860363991958,0.43550556812962293,7.1500152
89658.7604218,43160.1996484,0.0,0.0,0.0,0.8448194323659362,0.5350515177970225,7.0839763
89656.9366263,43159.6702611,0.0,0.0,0.0,0.7618393036305218,0.6477660653690973,7.0173159
89654.8544623,43159.5611774,0.0,0.0,0.0,0.6865122515174908,0.727118235582347,8.3366303
89652.8835736,43159.891934,0.0,0.0,0.0,0.6020072985777498,0.798490583826209,9.3105725
89651.04094610001,43160.6654202,0.0,0.0,0.0,0.5043645942126792,0.8634907967689519,9.310506
89649.4214103,43161.8305013,0.0,0.0,0.0,0.40702181343540234,0.9134184382788408,8.9149492
89648.04298350001,43163.368386,0.0,0.0,0.0,0.3062840843617395,0.9519401555069997,8.2038754
89647.0951783,43165.1304261,0.0,0.0,0.0,0.1737408224913561,0.9847914127367414,6.9728737
89646.6278712,43167.0335662,0.0,0.0,0.0,0.0845266712303888,0.996421217081767,6.8310847
89646.5678226,43168.93655,0.0,0.0,0.0,-0.09483447141754917,0.9954930552399419,6.7679915
89647.1802167,43170.7356155,0.0,0.0,0.0,-0.21447842832109115,0.9767287257907973,6.7043046
89648.36083610001,43172.4419311,0.0,0.0,0.0,-0.37933178645492427,0.9252607177357719,8.0799031
89649.9243086,43173.711215999996,0.0,0.0,0.0,-0.4721560265680847,0.8815149950939224,8.7420761
89651.73045300001,43174.6947086,0.0,0.0,0.0,-0.5463084568177937,0.8375840674280767,9.8067035
89653.56263310001,43175.3942284,0.0,0.0,0.0,-0.5793910420629969,0.8150497042372046,10.7493754
89655.4759189,43176.0682009,0.0,0.0,0.0,-0.571670697171713,0.8204831588736039,10.9664626
89657.3308855,43176.8413842,0.0,0.0,0.0,-0.5325827257216104,0.8463779535544035,9.6358541
89659.036665,43177.8045987,0.0,0.0,0.0,-0.4706382849013697,0.8823262462293056,8.4349029
89660.5346495,43179.1048164,0.0,0.0,0.0,-0.3484364963864347,0.9373323892760487,7.6077197
89661.59309570001,43180.8085704,0.0,0.0,0.0,-0.1908777895796451,0.9816138087074716,6.9935352
89661.8715004,43182.7671627,0.0,0.0,0.0,0.05679172721068087,0.9983860474387789,6.481175
89661.18339410001,43184.6152046,0.0,0.0,0.0,0.302571485384041,0.9531266947434087,6.4213136
89659.64841180001,43185.8438337,0.0,0.0,0.0,0.5302054412598765,0.8478692057495777,6.3608889
89657.79499560001,43186.4195871,0.0,0.0,0.0,0.6597422313370984,0.7514919748010264,7.8026974
89655.8495046,43186.4265926,0.0,0.0,0.0,0.7414600221646119,0.6709970458442073,8.2191841
89653.8190456,43186.026305,0.0,0.0,0.0,0.8002444527593333,0.5996739245856161,9.3524678
89651.9303527,43185.3413844,0.0,0.0,0.0,0.8337179519672907,0.5521905256045837,10.3445303
89650.09210970001,43184.4849129,0.0,0.0,0.0,0.8497296255462753,0.5272187055378316,11.11
89648.30963860001,43183.6026751,0.0,0.0,0.0,0.8459621073412525,0.5332430149029119,11.11
89646.43443390001,43182.782981,0.0,0.0,0.0,0.8246633172398995,0.565623914981399,10.6685124
89644.5242876,43182.1983002,0.0,0.0,0.0,0.7806137847685016,0.6250136950734723,9.4405535
89642.6328279,43181.8792079,0.0,0.0,0.0,0.7410496360137756,0.6714502490608301,8.9805143
89640.68240800001,43182.0084915,0.0,0.0,0.0,0.6186673218500626,0.7856530690291175,8.8975686
89638.79717070001,43182.751101,0.0,0.0,0.0,0.5082081503970263,0.8612342746721321,8.8138423
89637.1456595,43183.8263861,0.0,0.0,0.0,0.46003178851740656,0.8879024459666028,9.4484973
89635.4775677,43184.967823,0.0,0.0,0.0,0.4802693756336,0.8771210445705382,10.4298099
89633.7067814,43185.9519487,0.0,0.0,0.0,0.5409633864031469,0.8410461429500997,10.5464781
89631.7275452,43186.6631803,0.0,0.0,0.0,0.6031256718857626,0.7976461771439436,10.4256697
89629.8750369,43187.0869342,0.0,0.0,0.0,0.6490056886432963,0.7607835540471684,9.1490659
89627.9995467,43187.264234199996,0.0,0.0,0.0,0.7087319863532722,0.7054778320540945,8.8523591
89625.9953657,43186.9413801,0.0,0.0,0.0,0.8077434603679304,0.5895341400061931,8.700887
89624.1616822,43186.0475801,0.0,0.0,0.0,0.8851072435387853,0.46538711567379404,8.3222937
89622.6957192,43184.6936674,0.0,0.0,0.0,0.9421767825461113,0.33511626405034095,8.0710357
89621.6365429,43182.9043771,0.0,0.0,0.0,0.9810470249226287,0.19376979870573002,7.6645274
89621.1991467,43180.964949299996,0.0,0.0,0.0,0.9999542392182283,0.009566580867485616,6.7887743
89621.232455,43179.135318399996,0.0,0.0,0.0,-0.999801082607979,0.01994480423351638,6.7260719
89621.7970991,43177.317169,0.0,0.0,0.0,-0.9700812013779403,0.24278068855065882,6.6627794
89623.04746490001,43175.5744728,0.0,0.0,0.0,-0.9317235909809362,0.36316821172782887,8.0461271
89624.5248619,43174.1784973,0.0,0.0,0.0,-0.9078297887650031,0.41933885418702854,9.2036163
89626.0927794,43172.9193513,0.0,0.0,0.0,-0.8931986416464698,0.4496623028016706,10.2126855
89627.7018864,43171.8941039,0.0,0.0,0.0,-0.8598166354281206,0.5106029312891441,11.11
89629.4668871,43170.9279688,0.0,0.0,0.0,-0.8697364281543318,0.4935165098974348,11.11
89631.1165555,43169.7707845,0.0,0.0,0.0,-0.9021763153811317,0.43136747207609977,11.11
89632.6079568,43168.4140401,0.0,0.0,0.0,-0.9261220656086747,0.37722396476459663,11.11
89633.9229835,43166.9173718,0.0,0.0,0.0,-0.9437256917573031,0.33072922265381954,11.11
89635.1140913,43165.3236278,0.0,0.0,0.0,-0.9530783992201808,0.3027235784340189,11.11
89636.2390701,43163.6727132,0.0,0.0,0.0,-0.9574375557065374,0.28864048039506013,11.11
89637.3302312,43162.0000595,0.0,0.0,0.0,-0.9593337277736905,0.28227433244245703,11.11
89638.407114,43160.3196025,0.0,0.0,0.0,-0.9598929510100568,0.2803667644375929,11.11
89639.4820053,43158.6362734,0.0,0.0,0.0,-0.9598068612463905,0.2806613423760958,11.11
89640.5626174,43156.954958199996,0.0,0.0,0.0,-0.9590542592658333,0.28322239986283526,11.11
89641.65306160001,43155.2857823,0.0,0.0,0.0,-0.9577475497934386,0.2876102064681727,11.11
89642.762904,43153.623814599996,0.0,0.0,0.0,-0.9563604050453605,0.2921896227819771,11.11
89643.87427870001,43151.961083199996,0.0,0.0,0.0,-0.9581346643894456,0.28631794371873454,11.11
89644.92300160001,43150.2832409,0.0,0.0,0.0,-0.9658443827821962,0.25912280534155685,11.11
89645.8273249,43148.4869421,0.0,0.0,0.0,-0.9800027292634782,0.1989840461849486,10.8948134
89646.4749519,43146.592636299996,0.0,0.0,0.0,-0.9918985537036645,0.12703251221863884,10.0673744
89646.81919200001,43144.561226699996,0.0,0.0,0.0,-0.9991784933133775,0.04052577574839149,9.2389892
89646.8188773,43142.6212717,0.0,0.0,0.0,0.9990444842989998,0.04370490123253434,8.0093272
89646.37978850001,43140.660170999996,0.0,0.0,0.0,0.9821289453703346,0.18820928421774083,7.0223551
89645.32550250001,43138.9637722,0.0,0.0,0.0,0.9294033539855194,0.36906558441619475,6.9574953
89643.6486995,43137.9995839,0.0,0.0,0.0,0.7934214512864701,0.6086726547484054,6.8920251
89641.6921343,43137.7861502,0.0,0.0,0.0,0.6827913834605955,0.7306133907012422,7.9538255
89639.8035945,43138.198702,0.0,0.0,0.0,0.5810298703150624,0.8138822333738842,7.9388734
89637.95741300001,43139.0066449,0.0,0.0,0.0,0.5158823333570431,0.8566594528341426,9.1117626
89636.2159125,43140.0998825,0.0,0.0,0.0,0.4502382537793984,0.8929084582607996,10.1315409
89634.6862281,43141.41497,0.0,0.0,0.0,0.3848746435633989,0.92296885578114,10.8151446
89633.3672893,43142.9257937,0.0,0.0,0.0,0.31482236813467035,0.9491506079237784,11.11
89632.3131708,43144.616221899996,0.0,0.0,0.0,0.2346159287075556,0.9720881472359856,11.11
89631.5569832,43146.4338969,0.0,0.0,0.0,0.15977695391424762,0.9871531416137439,11.11
89631.03341260001,43148.3489691,0.0,0.0,0.0,0.11185085667449497,0.9937250051504096,11.11
89630.6383707,43150.3091844,0.0,0.0,0.0,0.0902289695964797,0.9959210475964234,11.11
89630.2884861,43152.2935581,0.0,0.0,0.0,0.08629857212228222,0.9962693192353438,11.11
89629.930949,43154.264694,0.0,0.0,0.0,0.09544887162931032,0.9954343337984136,11.11
89629.4859744,43156.2156976,0.0,0.0,0.0,0.13521197597231757,0.9908166942243462,11.11
89628.8277009,43158.0485088,0.0,0.0,0.0,0.21308725192524,0.97703317398487,11.11
89627.8258226,43159.7807361,0.0,0.0,0.0,0.30278426337670844,0.9530591219076726,11.11
89626.5618868,43161.3076854,0.0,0.0,0.0,0.37259387675033506,0.9279945059148551,11.11
89625.01785650001,43162.701700699996,0.0,0.0,0.0,0.4381977563021519,0.8988785937888163,10.5783899
89623.3669962,43163.8243293,0.0,0.0,0.0,0.49894769147403767,0.8666321025514394,9.5698679
89621.516732,43164.6727131,0.0,0.0,0.0,0.5831384737364813,0.812372771853099,8.4977608
89619.6485886,43165.1209507,0.0,0.0,0.0,0.655139689112,0.7555077681600845,7.377888
89617.64175200001,43165.0847279,0.0,0.0,0.0,0.7727470603884202,0.6347140936366982,5.9655135
89615.7905003,43164.3592034,0.0,0.0,0.0,0.8871816505928392,0.4614203277396494,5.9104149
89614.4963278,43163.0157393,0.0,0.0,0.0,0.9371498624363898,0.3489271203782471,5.8547978
89613.5789877,43161.2810546,0.0,0.0,0.0,0.9897113928065016,0.14307815678507604,7.4037584
89613.2380276,43159.2431551,0.0,0.0,0.0,0.9996343217786016,0.027041130195228948,8.4359888
89613.34427490001,43157.207378,0.0,0.0,0.0,-0.9972653982453435,0.07390348748574957,9.3421533
89613.7888608,43155.2588248,0.0,0.0,0.0,-0.9891273775239493,0.14706131725438454,10.2235346
89614.5005692,43153.3383492,0.0,0.0,0.0,-0.9795123883676202,0.2013839145372848,11.0790078
89615.33520670001,43151.5419958,0.0,0.0,0.0,-0.973851901289934,0.2271837898134034,11.11
89616.2624029,43149.8064005,0.0,0.0,0.0,-0.9651104847545138,0.26184299153673646,11.11
89617.3310966,43148.1420407,0.0,0.0,0.0,-0.9548278433054502,0.2971595356852317,11.11
89618.48260650001,43146.5229422,0.0,0.0,0.0,-0.9514121617218848,0.3079202795005392,11.11
89619.6629242,43144.8837864,0.0,0.0,0.0,-0.9526420822511749,0.3040938393393491,11.11
89620.8000969,43143.2455963,0.0,0.0,0.0,-0.9562273744075628,0.2926246886946122,11.11
89621.8960695,43141.5666036,0.0,0.0,0.0,-0.9605712685257792,0.2780338793794297,11.11
89622.9458933,43139.8676338,0.0,0.0,0.0,-0.9629657119713096,0.26962388167146617,11.11
89623.9863308,43138.1529393,0.0,0.0,0.0,-0.9625421241423454,0.2711321804056863,11.11
89625.0507147,43136.4628935,0.0,0.0,0.0,-0.9582612233869282,0.28589408485134415,11.11
89626.18746300001,43134.829588399996,0.0,0.0,0.0,-0.9490105198854584,0.3152444022448806,11.11
89627.4386959,43133.2862642,0.0,0.0,0.0,-0.9355338639316989,0.35323701594966733,11.11
89628.81609800001,43131.8442411,0.0,0.0,0.0,-0.9210312877404533,0.38948859675626224,11.11
89630.3018363,43130.4875119,0.0,0.0,0.0,-0.9093320247980851,0.4160712302918994,11.11
89631.856357,43129.2065018,0.0,0.0,0.0,-0.8996254066960883,0.4366624870845878,11.11
89633.4583541,43127.997891,0.0,0.0,0.0,-0.8907321156194343,0.4545286549868188,11.11
89635.0699806,43126.8600989,0.0,0.0,0.0,-0.886016148350828,0.4636543808286121,11.11
