s_m,x_m,y_m,psi_rad,kappa_radpm,vx_mps,ax_mps2
0.0,89630.1,43130.7,2.1301851206991356,29.694014118646727,8.33333,0.0
0.5943566417413899,89629.80579395946,43131.216432593166,2.0783455008988776,28.286764285127916,8.33333,0.0
1.1935281449830957,89629.5478513514,43131.75723949146,2.045128399888991,26.392957170871078,8.33333,0.0
1.7966735147668687,89629.30651975865,43132.30999929412,2.032988483340724,25.006403440894577,8.33333,0.0
2.4006137829507885,89629.062146764,43132.862290600424,2.0385536942392597,24.30818410596434,8.33333,0.0
3.002541371161696,89628.79538216554,43133.40187698874,2.054504356003203,24.048517803865895,8.33333,0.0
3.6029224846687544,89628.50029234517,43133.92473402405,2.071036341681103,23.962691107138266,8.33333,0.0
4.203117097286005,89628.1894037696,43134.43813627044,2.079225924242305,23.928849880918804,8.33333,0.0
4.803153860023683,89627.8765861327,43134.95018045083,2.074885182618065,23.921164396319785,8.33333,0.0
5.402872630885261,89627.57570912827,43135.468963288185,2.060476901308034,23.92752300427477,8.33333,0.0
6.00319421184993,89627.30035209679,43136.00240916715,2.044186870264127,23.941076063922672,8.33333,0.0
6.605492544767498,89627.05097691965,43136.550656650375,2.0364957848466982,23.988834401901112,8.33333,0.0
7.20821710078974,89626.80986401404,43137.1030527557,2.0456101527165456,24.096850554430628,8.33333,0.0
7.808707940616797,89626.5579566846,43137.64815086255,2.0736400325396347,24.216060846160488,8.33333,0.0
8.405730400352667,89626.27619823598,43138.174504350296,2.1150211392639995,24.226789080086505,8.33333,0.0
9.001871813478498,89625.94834618742,43138.6723975303,2.1581385949810583,24.064589837811276,8.33333,0.0
9.601199738204562,89625.5823596426,43139.14700032251,2.1900350232953127,23.819485918693527,8.33333,0.0
10.203431145551168,89625.19853603732,43139.611071554136,2.201861470891637,23.656676281906527,8.33333,0.0
10.805804464056983,89624.81727116555,43140.07743054933,2.1921060051653236,23.654240385251917,8.33333,0.0
11.40596853888735,89624.4589512561,43140.55889057801,2.1666180492444562,23.752123612168567,8.33333,0.0
12.004841986874318,89624.13618806574,43141.06334407403,2.1359547318588747,23.84418901301541,8.33333,0.0
12.604720803262433,89623.8397876418,43141.584881592375,2.1111182842073988,23.886059505280297,8.33333,0.0
13.20583051348413,89623.5567616374,43142.115192034056,2.0995499166448464,23.90076817487293,8.33333,0.0
13.807166134746247,89623.27412170572,43142.645964300114,2.103055828065913,23.91061882154421,8.33333,0.0
14.407679594271068,89622.97887949992,43143.16888729156,2.117905854930428,23.901874273669748,8.33333,0.0
15.007470620559339,89622.65972735152,43143.67671716602,2.1366001211680854,23.857172943845878,8.33333,0.0
15.607654740539408,89622.32023454423,43144.17165717417,2.150796736449768,23.796724992567533,8.33333,0.0
16.20828175389634,89621.97173717796,43144.66084261434,2.1544784793366323,23.765926928508343,8.33333,0.0
16.808682685710497,89621.62563879674,43145.15145161288,2.1461402071104985,23.786233610582848,8.33333,0.0
17.40837580692099,89621.29334294458,43145.650662296124,2.129268389575544,23.835359603886044,8.33333,0.0
18.00793653035554,89620.98484779258,43146.16476715146,2.110979736675924,23.8798322453707,8.33333,0.0
18.608351535282296,89620.69595405576,43146.691111703025,2.099179894881389,23.9122412494125,8.33333,0.0
19.209230008493936,89620.41422615206,43147.22185111917,2.099321672830299,23.941643066470323,8.33333,0.0
19.80955714091494,89620.12712732713,43147.74907681149,2.112146257264779,23.95709106588164,8.33333,0.0
20.408791729538795,89619.82212082672,43148.26488019158,2.1332816795842615,23.92695790596978,8.33333,0.0
21.007871787802987,89619.49003915378,43148.76349695695,2.154897813240358,23.844137461404298,8.33333,0.0
21.60798016260529,89619.13831581063,43149.24972812768,2.168878305631669,23.753034158931346,8.33333,0.0
22.208796167253382,89618.77948853164,43149.73162319436,2.1701300861234945,23.712166161933638,8.33333,0.0
22.809381214173136,89618.42609644204,43150.217232532814,2.1585904950700847,23.736731901447833,8.33333,0.0
23.40928617984148,89618.09067856653,43150.71460645314,2.139268579728517,23.79279124167895,8.33333,0.0
24.00943693733779,89617.78122960089,43151.228826512444,2.120336713760291,23.845085218556605,8.33333,0.0
24.610477842096795,89617.48907445905,43151.75408410857,2.1099262509467747,23.891431386937814,8.33333,0.0
25.21160013876753,89617.20171671071,43152.2820742032,2.112978963019497,23.93935084452642,8.33333,0.0
25.811582311825315,89616.90665992557,43152.80449175797,2.129414379021093,23.965679796651152,8.33333,0.0
26.409910729526512,89616.59140774574,43153.313031784455,2.1541190657049296,23.925567219121543,8.33333,0.0
27.007846632767343,89616.24785633611,43153.80241892499,2.1787478250850785,23.80863051810712,8.33333,0.0
27.607026126905282,89615.88414923652,43154.27858403491,2.1947442772522576,23.669262626788445,8.33333,0.0
28.207555475474074,89615.51218569918,43154.75004837649,2.1961867331307,23.587082666550337,8.33333,0.0
28.808850602527496,89615.14386497621,43155.22533321199,2.1811754491798707,23.604445923480373,8.33333,0.0
29.410708113291566,89614.79108628549,43155.71295976852,2.1515424953300033,23.706825677798836,8.33333,0.0
30.01370057751995,89614.4636668238,43156.219315777686,2.1114215320347127,23.851581354525177,8.33333,0.0
30.617111105307263,89614.16372266063,43156.7428974466,2.065423645011685,24.00257112485961,8.33333,0.0
31.21955645753121,89613.89158968753,43157.280376792594,2.017245716048763,24.13471038809462,8.33333,0.0
31.819462171712875,89613.64760379608,43157.828425832995,1.9692486567771454,24.21364437690245,8.33333,0.0
32.41514385627815,89613.43207886245,43158.38375066794,1.922827955107274,24.182650026573523,8.33333,0.0
33.007224382955634,89613.24397335637,43158.94515575222,1.8788994741216791,23.978919201791435,8.33333,0.0
33.59989639076477,89613.08012479573,43159.51472906446,1.8379317762703773,23.572915419542955,8.33333,0.0
34.19736244268831,89612.93718588464,43160.09484470026,1.799410841617288,23.003663528991414,8.33333,0.0
34.80350293741759,89612.81180932719,43160.687876755204,1.761072195949207,22.383243912301033,8.33333,0.0
35.42189862615858,89612.70064782747,43161.29619932493,1.7184550389663467,21.861302950592183,8.33333,0.0
36.05282178735938,89612.60393089085,43161.91966533804,1.665154234571358,21.557275733049227,8.33333,0.0
36.684624092462755,89612.53646216689,43162.54785489862,1.5937235044026343,21.469410789949798,8.33333,0.0
37.30481431379678,89612.51675681667,43163.167731991125,1.4971514735620781,21.363458020892928,8.33333,0.0
37.905152182441185,89612.56333000198,43163.76626059941,1.3713781155977964,20.690765057739092,8.33333,0.0
38.48438946748166,89612.69469688472,43164.33040470733,1.219124504155787,18.752794779611797,8.33333,0.0
39.051910751969665,89612.92866552835,43164.847453140406,1.0525348835455088,15.315000184404852,8.33333,0.0
39.62646303005322,89613.26609766317,43165.31247988656,0.8896063901982771,11.075667811236181,8.33333,0.0
40.22079125661121,89613.690520284,43165.728522528385,0.745077044638691,7.096830715002947,8.33333,0.0
40.838389510618754,89614.18467559447,43166.098979182374,0.6244317991461934,3.9382041533647376,8.33333,0.0
41.476013987294316,89614.73130579818,43166.427247965,0.5249070052666452,1.5605637037116422,8.33333,0.0
42.125894275274824,89615.31315309876,43166.71672699277,0.43923035209339406,-0.3419007944801661,8.33333,0.0
42.77751668443997,89615.91353181815,43166.97001962477,0.3584554141464113,-2.117163780129314,8.33333,0.0
43.42151726864934,89616.52194761368,43167.18112853554,0.2736045830799297,-4.088428545361374,8.33333,0.0
44.05131736029951,89617.13169264676,43167.33879638289,0.1768546966421628,-6.5318205952061446,8.33333,0.0
44.6628349859199,89617.7361134712,43167.4316902655,0.06287732487813953,-9.60528455236495,8.33333,0.0
45.255515939893755,89618.32855664086,43167.44847728203,-0.0691659948629851,-13.181561344545134,8.33333,0.0
45.83366133800974,89618.90236870953,43167.37782453114,-0.2134233844227967,-16.70297391028924,8.33333,0.0
46.40775455937823,89619.45105700231,43167.208933488786,-0.3575314785101511,-19.40152297533911,8.33333,0.0
46.991924947927046,89619.97253774754,43166.945660103855,-0.4874222380568383,-20.893834604957114,8.33333,0.0
47.592826275334396,89620.46957158436,43166.607962353875,-0.5937667225391949,-21.438226610565838,8.33333,0.0
48.20873033721858,89620.94516726701,43166.21662291032,-0.6747066288495343,-21.573368372822873,8.33333,0.0
48.832385168271756,89621.40233354972,43165.79242444468,-0.7343580112415319,-21.715000188169608,8.33333,0.0
49.45333293172465,89621.84403888152,43165.35599286379,-0.7800028604409294,-22.044300486956,8.33333,0.0
50.06462717271742,89622.27076703515,43164.91829007425,-0.8195795839356235,-22.563200440491354,8.33333,0.0
50.66722157790533,89622.67911188265,43164.47514844601,-0.8595223687407503,-23.171312107723374,8.33333,0.0
51.263325671606175,89623.06532812215,43164.02108115267,-0.9030587751687715,-23.726846532194326,8.33333,0.0
51.855945130014256,89623.42567045188,43163.55060136789,-0.9495341810871198,-24.103441000992262,8.33333,0.0
52.4490234548419,89623.75661377123,43163.05844446328,-0.9951821571681112,-24.245945737443584,8.33333,0.0
53.045579870128876,89624.06007873236,43162.544840945004,-1.035053660312664,-24.19489828226321,8.33333,0.0
53.6458821506047,89624.34365228812,43162.01573900169,-1.0651294821288397,-24.053401819944884,8.33333,0.0
54.24886581515059,89624.615185724,43161.47735355156,-1.0836321665946889,-23.922187372285542,8.33333,0.0
54.85272474899256,89624.88253032547,43160.93589951284,-1.0912281292773727,-23.854222876651217,8.33333,0.0
55.455476463749214,89625.1532799849,43160.397379084665,-1.09039873532915,-23.850414252011348,8.33333,0.0
56.056534855157174,89625.43055402151,43159.86409651557,-1.0843986345627494,-23.882518614376306,8.33333,0.0
56.65642553417604,89625.71367776851,43159.33522056541,-1.0762231837014216,-23.91952182723035,8.33333,0.0
57.25566833894285,89626.00185644592,43158.80982072819,-1.0679787738071465,-23.942505713995878,8.33333,0.0
57.854748478954086,89626.2942952738,43158.28696649792,-1.0608017828587233,-23.946645693775807,8.33333,0.0
58.45409974169892,89626.59019628631,43157.76575202485,-1.0551259517828866,-23.936458994837647,8.33333,0.0
59.053841169969864,89626.8887208932,43157.245585859215,-1.0509778179755218,-23.9198839686992,8.33333,0.0
59.65387570423317,89627.18900248392,43156.72609340635,-1.0481121386800925,-23.903754758193795,8.33333,0.0
60.25409355750341,89627.49017389219,43156.206904371196,-1.0459857824087075,-23.8914410456193,8.33333,0.0
60.85438062579696,89627.79136795193,43155.687648458625,-1.0436994716771189,-23.88258539327365,8.33333,0.0
61.45462634241988,89628.09187611577,43155.168043066245,-1.0400881771384147,-23.874183325103427,8.33333,0.0
62.05476674826055,89628.39303360577,43154.648935492674,-1.034072875882479,-23.861917703372605,8.33333,0.0
62.65478647967794,89628.6975957425,43154.13195814021,-1.0252187893316904,-23.841545611347804,8.33333,0.0
63.254735755250856,89629.00834652527,43153.61875926622,-1.0142797928273417,-23.811774548179834,8.33333,0.0
63.85478209909869,89629.3280699533,43153.11098712802,-1.0034204203166763,-23.779308541475306,8.33333,0.0
64.45521629675773,89629.65877373585,43152.609832227885,-0.9958583307205868,-23.761856827552716,8.33333,0.0
65.05598190134974,89629.9963383118,43152.11287199937,-0.9949442299415884,-23.781786485552587,8.33333,0.0
65.65660647343512,89630.33373746306,43151.615969907085,-1.0030541367448855,-23.850018472710317,8.33333,0.0
66.25662083378899,89630.66392745049,43151.11497908398,-1.0207672779512347,-23.95197621027393,8.33333,0.0
66.85589355066408,89630.97986453491,43150.605752662945,-1.046615051858264,-24.050095248830416,8.33333,0.0
67.45494340270925,89631.27487176491,43150.08437807641,-1.0774817039010833,-24.105036917335887,8.33333,0.0
68.05457294025332,89631.5477116972,43149.55041744711,-1.1095189748010499,-24.09988550966078,8.33333,0.0
68.65507450683442,89631.80130945219,43149.00609189183,-1.1391194176166546,-24.047364371445727,8.33333,0.0
69.25632329941065,89632.03869580422,43148.45369001779,-1.163420363301626,-23.977597055825978,8.33333,0.0
69.85785785356768,89632.26290152769,43147.89550043225,-1.1802535886472136,-23.921158726609054,8.33333,0.0
70.45904241173102,89632.47739442634,43147.33388163858,-1.1879649884694172,-23.89847959938862,8.33333,0.0
71.05961769785328,89632.68858157944,43146.771662232415,-1.1855298362880164,-23.914596695477275,8.33333,0.0
71.65946243747133,89632.90408174405,43146.211864598714,-1.1729592386500058,-23.95663396819051,8.33333,0.0
72.25865698932816,89633.13151746061,43145.65751172751,-1.15161261521345,-23.997405056749454,8.33333,0.0
72.85776860281078,89633.37795286192,43145.11143085585,-1.1240174170661053,-24.008077588569265,8.33333,0.0
73.45740169956068,89633.64494732286,43144.57451949581,-1.093151616489707,-23.973236896403865,8.33333,0.0
74.05782482833507,89633.9309272918,43144.04657689388,-1.061584160324846,-23.896927389095026,8.33333,0.0
74.65914015264687,89634.23428295013,43143.52738958297,-1.0309686309901467,-23.79713152091246,8.33333,0.0
75.2613004066523,89634.55340462757,43143.01674457272,-1.0020512431286275,-23.69623248684974,8.33333,0.0
75.86401202576386,89634.88673493682,43142.51459698411,-0.9749832790394324,-23.613917978892637,8.33333,0.0
76.46660454098452,89635.23284556727,43142.02131697145,-0.949659631462035,-23.56244122347724,8.33333,0.0
77.06829345730645,89635.59032777695,43141.53733761054,-0.925954936299809,-23.541327596040567,8.33333,0.0
77.66823077343129,89635.95777282395,43141.06309197723,-0.9038584453618068,-23.53071406979588,8.33333,0.0
78.26551170854177,89636.33377196633,43140.59901314731,-0.883519016665474,-23.487680749323008,8.33333,0.0
78.85934943668043,89636.71699381925,43140.14537864818,-0.865123758587615,-23.354895992092423,8.33333,0.0
79.45181776627516,89637.1074467479,43139.69977205927,-0.8484561379028747,-23.088152301013892,8.33333,0.0
80.0473579918259,89637.50627242694,43139.25749811928,-0.8320809518601165,-22.694597975913382,8.33333,0.0
80.65039024812556,89637.91464823725,43138.81378976947,-0.8124561632928173,-22.255405198524883,8.33333,0.0
81.26525954652014,89638.33375188216,43138.363882680256,-0.7835834980275656,-21.902684670545504,8.33333,0.0
81.8918614518355,89638.76556630546,43137.90982734048,-0.7376503602917573,-21.735972689717656,8.33333,0.0
82.51681303069367,89639.21461543371,43137.475178797016,-0.666748907394604,-21.684988866061733,8.33333,0.0
83.1269381518504,89639.68592316515,43137.08772339861,-0.5660046943232805,-21.367883268072994,8.33333,0.0
83.71535417059583,89640.1845133979,43136.77524749406,-0.4385241969016258,-20.152364826408746,8.33333,0.0
84.28619145760476,89640.71539374077,43136.56543503069,-0.2993267254234963,-17.71954776160235,8.33333,0.0
84.85985709972202,89641.28058741639,43136.46720887334,-0.17070315548359358,-14.643769844827167,8.33333,0.0
85.45522417393512,89641.87567585401,43136.44899611775,-0.06834072933488633,-11.88636307801424,8.33333,0.0
86.07545200057038,89642.49540150064,43136.47394967155,0.008706351944190362,-9.874995117866275,8.33333,0.0
86.71528688596692,89643.13446545317,43136.50534943495,0.07664627877640813,-8.38425733844368,8.33333,0.0
87.36099004046325,89643.77966937737,43136.53073565019,0.15950051434283155,-6.791938075359052,8.33333,0.0
87.98479055581511,89644.4005980428,43136.590524239364,0.28022775224347274,-4.166962785739636,8.33333,0.0
88.5662586590394,89644.9645685756,43136.73209539889,0.4486540258553975,0.3471476235261747,8.33333,0.0
89.11247230069819,89645.43924303235,43137.00234251255,0.6467763872421036,6.070918405714022,8.33333,0.0
89.67118377056936,89645.81555133282,43137.41532019906,0.8322061586259925,10.571633429654717,8.33333,0.0
90.27191447817583,89646.12205081283,43137.93197816311,0.9710686972491405,12.763923965040421,8.33333,0.0
90.90790417558699,89646.39072531085,43138.508430164,1.059049396604596,13.601355913011432,8.33333,0.0
91.55595625786312,89646.65355866523,43139.100789961056,1.1131205707722234,14.208893944283092,8.33333,0.0
92.191984418808,89646.93557583787,43139.67087603864,1.1584835414214125,15.251436594817676,8.33333,0.0
92.80710178463455,89647.21502987239,43140.21884941056,1.2197960780099935,17.079677766704965,8.33333,0.0
93.39803664261552,89647.4509040448,43140.76066799751,1.3132613272390228,19.66894112630691,8.33333,0.0
93.97005719946726,89647.6021217593,43141.31233884166,1.439642579356009,22.362439073025175,8.33333,0.0
94.5440612699593,89647.63819760203,43141.885208116895,1.5836083222738713,24.130733555924785,8.33333,0.0
95.13615914023497,89647.5683102448,43142.4731669975,1.723735214839521,24.54305154146172,8.33333,0.0
95.74954921064449,89647.41092174486,43143.06602131229,1.845317987572886,24.091569863668493,8.33333,0.0
96.37922453050953,89647.18449415948,43143.65357689011,1.9440745890585938,23.489195071854745,8.33333,0.0
97.01482444709436,89646.90748954593,43144.22563955979,2.0219082033881794,23.137741494858734,8.33333,0.0
97.64270802481958,89646.59829641687,43144.77211682017,2.0821320417353935,23.11217869601708,8.33333,0.0
98.25528121045352,89646.27047519844,43145.28959064222,2.1271521589997073,23.30903652034233,8.33333,0.0
98.85676557017615,89645.92985361454,43145.785332885294,2.1581921246225324,23.57514330896325,8.33333,0.0
99.45163055942218,89645.58156421105,43146.26757644083,2.1760981452103563,23.790445846432572,8.33333,0.0
100.0437333689573,89645.23073953393,43146.744554200246,2.1823623332463407,23.90083208553045,8.33333,0.0
100.63669986101881,89644.88251199655,43147.22449882509,2.179637005451242,23.910403805412635,8.33333,0.0
101.2333202698415,89644.54083056265,43147.71358952215,2.1714024546545345,23.85719756153629,8.33333,0.0
101.83311977674997,89644.20557577994,43148.21094621423,2.161048954576659,23.788646355528947,8.33333,0.0
102.43480011852155,89643.87575461423,43148.71417303419,2.1510275109519346,23.741585126696403,8.33333,0.0
103.03697825579972,89643.55037403114,43149.22087411487,2.1425584623639082,23.731266475882205,8.33333,0.0
103.63838867699971,89643.22848818272,43149.72889379492,2.1358838514388623,23.75246988260501,8.33333,0.0
104.23887590159936,89642.90945445116,43150.23762003273,2.1307221762283652,23.7891404800109,8.33333,0.0
104.83872745925642,89642.59275016167,43150.7470513669,2.126606221265525,23.825168307337453,8.33333,0.0
105.43822682657368,89642.27785293633,43151.25718784755,2.12298155411327,23.85099531964621,8.33333,0.0
106.03765325561174,89641.9642403973,43151.76802952478,2.119139808567691,23.865173202599447,8.33333,0.0
106.63728241690916,89641.65139217975,43152.27957729757,2.114180424283353,23.87243593879696,8.33333,0.0
107.23725663931815,89641.33960626963,43152.79217715497,2.107187686756827,23.879730765287462,8.33333,0.0
107.83740241463256,89641.03125177503,43153.30704845665,2.0976697569518308,23.89156429892361,8.33333,0.0
108.43755582298928,89640.72902047611,43153.825546629756,2.086108415155204,23.907390784757112,8.33333,0.0
109.03765993302635,89640.43560415303,43154.34902710144,2.0743046720993323,23.923869233382383,8.33333,0.0
109.63780794362678,89640.15345332216,43154.87871431411,2.065173199823667,23.940333813158528,8.33333,0.0
110.23810415889959,89639.88006269177,43155.41314214767,2.0618645945486427,23.960050924687245,8.33333,0.0
110.83833983387979,89639.60827992775,43155.94832155189,2.066535165760156,23.982826192015793,8.33333,0.0
111.4382302657023,89639.33077326562,43156.48016606175,2.079392565808595,23.997023900358982,8.33333,0.0
112.03776829643238,89639.04022515846,43157.00459684624,2.0985399633312225,23.983814399915552,8.33333,0.0
112.63740892585726,89638.73229612206,43157.51913410728,2.1207020159517325,23.932674713173018,8.33333,0.0
113.23749099393854,89638.40927349334,43158.024856234304,2.1424016326573874,23.85195236004318,8.33333,0.0
113.83803170525161,89638.07433853549,43158.523321599154,2.160907579474768,23.76383659136508,8.33333,0.0
114.43880256588946,89637.7306725118,43159.01608857365,2.1745456997616803,23.69097151977653,8.33333,0.0
115.0394180478161,89637.38145622633,43159.50474688279,2.182519135585336,23.64717012450149,8.33333,0.0
115.63972075251309,89637.02986423658,43159.991312818725,2.184674626380482,23.635607006043035,8.33333,0.0
116.23974660156534,89636.67906659165,43160.478110550685,2.181520939212153,23.650744504713348,8.33333,0.0
116.83955247878276,89636.33223324061,43160.96747106907,2.1744837117962303,23.681298627524,8.33333,0.0
117.43928808076932,89635.99253413263,43161.46172536427,2.1660755533180467,23.71476010129741,8.33333,0.0
118.03924269284342,89635.66253093214,43161.96276770202,2.159547514468287,23.74251560308482,8.33333,0.0
118.63946981909432,89635.33897818015,43162.46832305979,2.157868645778143,23.760450014885766,8.33333,0.0
119.2396426981556,89635.0154081297,43162.97380293793,2.162449610208275,23.7635235630407,8.33333,0.0
119.83943508079241,89634.68531863242,43163.47459413799,2.1723799023066634,23.74323717546736,8.33333,0.0
120.43885976594568,89634.34297738169,43163.96664334409,2.184728474712425,23.695485557555102,8.33333,0.0
121.03838393380093,89633.98941993882,43164.45081930635,2.195806884803174,23.63014534805006,8.33333,0.0
121.63830016110104,89633.62919537237,43164.93054604263,2.202693611511425,23.568392244803068,8.33333,0.0
122.23867211297878,89633.26688265786,43165.409269321266,2.204232533238341,23.529676609431466,8.33333,0.0
122.83949830634877,89632.90706077093,43165.890434910565,2.201149381416949,23.522669549342353,8.33333,0.0
123.44077289684884,89632.55333837238,43166.37665666856,2.1954247482798293,23.546876644909013,8.33333,0.0
124.04214637121919,89632.2052055341,43166.867017334385,2.189324538786546,23.5985616022421,8.33333,0.0
124.64309228334982,89631.86105976465,43167.35966292573,2.184526206902365,23.67244560202375,8.33333,0.0
125.24302993008197,89631.51929856463,43167.85273945339,2.1816225817523924,23.757790746845522,8.33333,0.0
125.84135250725858,89631.17831943462,43168.344392928164,2.1800507440509445,23.83394582296631,8.33333,0.0
126.43750384095742,89630.83658169299,43168.83287192322,2.1783863055599157,23.871054546751182,8.33333,0.0
127.03218428505438,89630.49412722875,43169.31905066661,2.174965909893296,23.837941472141996,8.33333,0.0
127.62739891909075,89630.15267532741,43169.80658636749,2.168777994225998,23.715502635724338,8.33333,0.0
128.22524569533857,89629.81402607747,43170.299270295975,2.160467588685914,23.513720840224867,8.33333,0.0
128.82791735765085,89629.47997956749,43170.80089372219,2.1531621817273465,23.28940733729168,8.33333,0.0
129.43776210755357,89629.15233588597,43171.315247916245,2.1526659651389415,23.151759653513547,8.33333,0.0
130.0560608854536,89628.83133543126,43171.84369099438,2.1666560946456563,23.230884060944486,8.33333,0.0
130.67567837614362,89628.50700241362,43172.371643576,2.2029850767585626,23.591318280637225,8.33333,0.0
131.28666537873394,89628.16524907803,43172.878111516686,2.2673788969059756,24.101819630268714,8.33333,0.0
131.88215016000467,89627.79197641498,43173.34208311469,2.360449836286138,24.339614435577925,8.33333,0.0
132.46166782815348,89627.3730854149,43173.74254666827,2.4745835470138178,23.736027406502814,8.33333,0.0
133.0351537423562,89626.8971111655,43174.06244447647,2.593814454497414,22.075096811406564,8.33333,0.0
133.61790792259885,89626.36984245772,43174.31061809389,2.6995937318200283,19.821231035521286,8.33333,0.0
134.2166298056651,89625.80401261307,43174.50633339775,2.778561275878881,17.731430050095273,8.33333,0.0
134.8301925594134,89625.2123739603,43174.66888479682,2.8254317803312925,16.307471024456188,8.33333,0.0
135.4528983576037,89624.60767882816,43174.8175666998,2.840812713692663,15.693160752370181,8.33333,0.0
136.07721641976144,89624.00267954543,43174.97167351545,2.8281353033532084,15.826468704954992,8.33333,0.0
136.69655253791288,89623.4093036598,43175.14910599727,2.791769497773126,16.561168947033263,8.33333,0.0
137.30881075066742,89622.8339167793,43175.35836673613,2.736053949957361,17.715062977952016,8.33333,0.0
137.91424216194233,89622.28058616308,43175.60407473947,2.6647703455531295,19.08805151344,8.33333,0.0
138.51439832811764,89621.75337180115,43175.89083673204,2.5810766306377544,20.47860318561896,8.33333,0.0
139.11235463595565,89621.25633368365,43176.223259438586,2.487822436873073,21.712614763869734,8.33333,0.0
139.71288550422898,89620.79353180242,43176.605949577584,2.387721544860338,22.68505554875475,8.33333,0.0
140.32058388837075,89620.36963471494,43177.04139025702,2.28297099543037,23.383550405202012,8.33333,0.0
140.93354908473694,89619.99164131033,43177.52393281269,2.1746573794711903,23.857031320409114,8.33333,0.0
141.5482503081287,89619.6671081782,43178.04598246568,2.0626956352391956,24.14247007852766,8.33333,0.0
142.16169524479633,89619.4035919081,43178.599944437046,1.9466158343967028,24.206196408304134,8.33333,0.0
142.771949204313,89619.20864908959,43179.17822394785,1.826800816373325,23.946902150553694,8.33333,0.0
143.37869900343628,89619.0898318615,43179.77322628822,1.705332186781241,23.26739321616941,8.33333,0.0
143.9841136886315,89619.05124749422,43180.3774101904,1.5856880983587969,22.16481503224599,8.33333,0.0
144.5911644543523,89619.0874025699,43180.983383327315,1.4713782361017225,20.752846699136008,8.33333,0.0
145.20045703719484,89619.19114431845,43181.58377911437,1.364619709069988,19.190765899059468,8.33333,0.0
145.81041877661383,89619.35531996975,43182.17123096693,1.26609224536688,17.595962958313347,8.33333,0.0
146.41782041063277,89619.57277675372,43182.73837230039,1.1757011133201503,16.01691656946791,8.33333,0.0
147.01947848690892,89619.83659043528,43183.27910770904,1.093467614325678,14.466043288909887,8.33333,0.0
147.6180824475564,89620.14111691364,43183.79446227211,1.0197771871827686,12.963280617014824,8.33333,0.0
148.21737103710376,89620.48115755603,43184.28793889272,0.9548285691515582,11.547545986404506,8.33333,0.0
148.81977283423285,89620.85151418057,43184.7630429822,0.897692074158343,10.25082551551429,8.33333,0.0
149.42658259765258,89621.24698860537,43185.22327995193,0.8456044712721646,9.062701723701027,8.33333,0.0
150.03811227361643,89621.66245504109,43185.67200724704,0.7940059589911578,7.913069032155064,8.33333,0.0
150.6516776052099,89622.09584897605,43186.1063252334,0.7375049456828007,6.67989407894623,8.33333,0.0
151.2619974704286,89622.54923172193,43186.51490132621,0.6716091424292616,5.2209348610611395,8.33333,0.0
151.86522622006575,89623.02495585401,43186.88580761431,0.5948648933065231,3.440564968309496,8.33333,0.0
152.4599172885241,89623.52537394756,43187.20711618648,0.5107718046056059,1.3933492594182229,8.33333,0.0
153.04791269208084,89624.05280390261,43187.46703201347,0.4281039502933192,-0.6546527714943414,8.33333,0.0
153.6361021799806,89624.60650531757,43187.665480033735,0.35815603410802527,-2.3358077832248383,8.33333,0.0
154.23118342155,89625.18032863774,43187.82311404433,0.30962677426277024,-3.4120753982698013,8.33333,0.0
154.83478935623498,89625.76757098403,43187.96270828173,0.2842362083736972,-3.9002640785205407,8.33333,0.0
155.44603191501434,89626.36152947738,43188.10703698241,0.2753411772423956,-4.03099131340112,8.33333,0.0
156.0642437461125,89626.95559078535,43188.27814230225,0.2696300988018202,-4.158012816561849,8.33333,0.0
156.6864090387166,89627.54606278364,43188.474184314466,0.2509405272646553,-4.681279529641632,8.33333,0.0
157.30326143929054,89628.1327526508,43188.664714847124,0.20466200214543617,-5.983402217973473,8.33333,0.0
157.90589788423244,89628.71567391386,43188.81759874373,0.1215594887305258,-8.33153782411888,8.33333,0.0
158.4909956801753,89629.29484009996,43188.900700847764,0.0011823724845131688,-11.640526106560419,8.33333,0.0
159.0666830339443,89629.8702268636,43188.882099731665,-0.14604140108206862,-15.230767838530433,8.33333,0.0
159.65111133743594,89630.43879668592,43188.74687843503,-0.3019850671329098,-18.14342644769632,8.33333,0.0
160.2535351628307,89630.99235701218,43188.509211797485,-0.44973804179262167,-19.93525842450161,8.33333,0.0
160.87412211624033,89631.52220992898,43188.18612658691,-0.5802523389181261,-20.86892321699458,8.33333,0.0
161.50713741043978,89632.01965752301,43187.79464957112,-0.6913483691477178,-21.414624058591386,8.33333,0.0
162.14302989892118,89632.47600188082,43187.35180751801,-0.7828979068053962,-21.876792757644278,8.33333,0.0
162.77027341024402,89632.88302465371,43186.87455822797,-0.8532937380673343,-22.361223007325798,8.33333,0.0
163.38509591618907,89633.24554533177,43186.377984495484,-0.8988972286673516,-22.870452414317935,8.33333,0.0
163.990497309397,89633.58264508113,43185.875118105796,-0.9158866043429827,-23.36487190047329,8.33333,0.0
164.58726190563473,89633.9141300179,43185.378886587234,-0.9031251950477485,-23.749778122844827,8.33333,0.0
165.1760789503579,89634.25980625811,43184.90221746812,-0.864699110474895,-23.860815204226917,8.33333,0.0
165.76041360357524,89634.6394744725,43184.45803390929,-0.8107413463004784,-23.5564894615249,8.33333,0.0
166.34803011087058,89635.06541221203,43184.053225063435,-0.7550438143945308,-22.88014042514566,8.33333,0.0
166.94407297772577,89635.52744724191,43183.676673964255,-0.7097836762557665,-22.076460187092426,8.33333,0.0
167.54875826446414,89636.01123815536,43183.31391971127,-0.6806473958607648,-21.408093676558494,8.33333,0.0
168.15978657926814,89636.50244354563,43182.95050140399,-0.6653143474307887,-20.99576467213261,8.33333,0.0
168.77439610007755,89636.98750309873,43182.573059894596,-0.6552925443421127,-20.81738795396062,8.33333,0.0
169.3894933900809,89637.46475705526,43182.18502209084,-0.6394917672933342,-20.781372898401795,8.33333,0.0
170.00072927767692,89637.94181694915,43181.802892311935,-0.6078575507968005,-20.757741410774894,8.33333,0.0
170.60413950672663,89638.4265392589,43181.44352037792,-0.5539794416956116,-20.550920272436976,8.33333,0.0
171.197848568437,89638.92678046285,43181.12375610876,-0.476634439456699,-19.89597889168787,8.33333,0.0
171.78394137846843,89639.45039703947,43180.86044932447,-0.3804510444509891,-18.573409343738557,8.33333,0.0
172.3700046667768,89640.00424540821,43180.668819049344,-0.27485849132349927,-16.60393321395709,8.33333,0.0
172.96374253484325,89640.58568429103,43180.54859641617,-0.17061977799795228,-14.29594318537485,8.33333,0.0
173.5676396046965,89641.18682406959,43180.49095409138,-0.07573618509655719,-12.03920212114688,8.33333,0.0
174.18054829927303,89641.79971984499,43180.48697459546,0.006435237321212776,-10.077353539894444,8.33333,0.0
174.79860106596735,89642.41642671832,43180.52774044883,0.07641962652780145,-8.460282842403592,8.33333,0.0
175.41594422325898,89643.02899993969,43180.60433432793,0.13683886144304122,-7.117521743683633,8.33333,0.0
176.0271332452878,89643.631074539,43180.70949229256,0.1908646502814353,-5.939696262011029,8.33333,0.0
176.63243407566733,89644.22176426131,43180.84168437707,0.24121684060735962,-4.830306684511636,8.33333,0.0
177.23343651013636,89644.8013697348,43181.000622797,0.28967974958438325,-3.730035492465489,8.33333,0.0
177.83170930498252,89645.37019158762,43181.186019767905,0.33707174591215416,-2.619405741284673,8.33333,0.0
178.42878818622057,89645.9285304479,43181.39758750533,0.38350204541238614,-1.5072610587125785,8.33333,0.0
179.02616381590857,89646.47668655422,43181.635037554915,0.4286881017392708,-0.41526396176717767,8.33333,0.0
179.62493324388237,89647.01475526781,43181.89772917513,0.47216438004673417,0.6332828841768743,8.33333,0.0
180.22518175800903,89647.54229147657,43182.18409227883,0.513279517748839,1.6158970187240742,8.33333,0.0
180.82667882033928,89648.05876198456,43182.49240531839,0.5509272801861594,2.503927433448114,8.33333,0.0
181.42903653261237,89648.56363359574,43182.820946746164,0.5831146379117255,3.2510586701373883,8.33333,0.0
182.03172611575158,89649.0563731142,43183.16799501452,0.6067492495532327,3.788394190847228,8.33333,0.0
182.63418785935323,89649.53756744259,43183.53050318109,0.6181511795171637,4.036226973558049,8.33333,0.0
183.23592115526597,89650.0136761303,43183.898475295384,0.6144765937460512,3.9329816530037474,8.33333,0.0
183.83614538126398,89650.49307679219,43184.25964579093,0.5956355298720638,3.4749820287016964,8.33333,0.0
184.43463084618676,89650.98414811798,43184.60174782939,0.5657627558033824,2.7559272351033877,8.33333,0.0
185.03279835148533,89651.49510044944,43184.91276564137,0.5330888699582028,1.9753157699825437,8.33333,0.0
185.6331513465068,89652.0265855487,43185.19195609231,0.507609873258413,1.3804238065440866,8.33333,0.0
186.2354416692173,89652.56880573108,43185.45416003326,0.497423525561684,1.1650256187350103,8.33333,0.0
186.83745042337873,89653.11119771292,43185.71536010623,0.5055308854535359,1.392052001654803,8.33333,0.0
187.43686620982876,89653.64319821059,43185.991538953225,0.5282793980520261,1.9623630356730144,8.33333,0.0
188.03312270014098,89654.15436479847,43186.29850885676,0.5559269089500137,2.626938241621672,8.33333,0.0
188.62912151399394,89654.64306775178,43186.6396598637,0.5756136254743214,3.067075491537458,8.33333,0.0
189.22737358926824,89655.12231949672,43186.99774269007,0.5758249101652997,3.018542522442863,8.33333,0.0
189.8282485613953,89655.60651426503,43187.353560281634,0.5499475290329001,2.347314265043388,8.33333,0.0
190.43268049896395,89656.11004628865,43187.68791558418,0.49715419764986335,1.0446879230970143,8.33333,0.0
191.0442430888603,89656.64623395374,43187.9820441091,0.42074994674829047,-0.8197978302050765,8.33333,0.0
191.66137898071645,89657.21448115227,43188.22277597316,0.32533011463049055,-3.1596804982028632,8.33333,0.0
192.2776791080952,89657.8044975854,43188.400839039656,0.2145878611997025,-5.909946219392562,8.33333,0.0
192.88828403091952,89658.40579588152,43188.507040409015,0.09119405135592105,-8.987496429919728,8.33333,0.0
193.4909017248707,89659.00788866913,43188.53218718162,-0.04143656119745604,-12.1870444300547,8.33333,0.0
194.08690347832848,89659.60034040108,43188.46723307911,-0.177445962512923,-15.146888872277007,8.33333,0.0
194.68293786297386,89660.17565929197,43188.311460291145,-0.30909271007440414,-17.51127681000507,8.33333,0.0
195.2856600075048,89660.73082357582,43188.076797551366,-0.42958766667576687,-19.164866207735923,8.33333,0.0
195.89701024282118,89661.2631853578,43187.776231346834,-0.5357663854718245,-20.27232490681638,8.33333,0.0
196.514998521532,89661.77009674306,43187.422748164594,-0.6287135157891561,-21.11434776348385,8.33333,0.0
197.13470514301676,89662.24890983675,43187.0293344917,-0.7127139935205596,-21.917470954801633,8.33333,0.0
197.7492286600943,89662.696918473,43186.60870708545,-0.7935653694961988,-22.773848204102286,8.33333,0.0
198.354822641091,89663.10968637656,43186.16557422996,-0.87666035404445,-23.63140973278269,8.33333,0.0
198.9537465905317,89663.48079807675,43185.69548274611,-0.965167740967917,-24.33606160159197,8.33333,0.0
199.55065009910032,89663.80372973399,43185.19347782253,-1.0591505396147425,-24.724954497430424,8.33333,0.0
200.15112593330772,89664.07302821075,43184.65677533709,-1.1563162493054573,-24.72858794938051,8.33333,0.0
200.7561839113793,89664.28736486335,43184.09095296551,-1.2538854269516042,-24.399859672233134,8.33333,0.0
201.36468630316045,89664.44640404548,43183.50360153804,-1.350153273158598,-23.85012932556047,8.33333,0.0
201.9748027357294,89664.5498101108,43182.90231188492,-1.4448713949228227,-23.16434890061967,8.33333,0.0
202.584288650585,89664.59724741301,43182.294674836376,-1.5387198857480628,-22.36174123466911,8.33333,0.0
203.19084331396172,89664.58839603773,43181.688184759936,-1.6325831407952747,-21.408107221834328,8.33333,0.0
203.7942853671922,89664.52327351064,43181.08826695884,-1.7271126622108957,-20.25505981810026,8.33333,0.0
204.39648689504466,89664.4022217768,43180.498357509954,-1.8227230239468533,-18.877600237133105,8.33333,0.0
204.99948060933792,89664.22559590788,43179.92181200273,-1.9199009098233808,-17.284526602505863,8.33333,0.0
205.60532278475915,89663.99376351364,43179.36208127952,-2.019464429451969,-15.494414371055985,8.33333,0.0
206.21326422630543,89663.70750499968,43178.82575222052,-2.1222850606730597,-13.503468980362983,8.33333,0.0
206.81970581422692,89663.36809743688,43178.32318490575,-2.228198470257242,-11.292095254839978,8.33333,0.0
207.422236714589,89662.9768473882,43177.864963468775,-2.334520470819657,-8.89262761181738,8.33333,0.0
208.02047898796823,89662.5351494436,43177.46148268435,-2.4354367448149836,-6.464008625341526,8.33333,0.0
208.61839295385954,89662.04878195003,43177.1137072226,-2.5234295235115174,-4.266899659425275,8.33333,0.0
209.2201743366425,89661.52984668376,43176.80899912936,-2.5921366896112032,-2.5325159857385926,8.33333,0.0
209.82534680694806,89660.99093777858,43176.53366131732,-2.6385099209828606,-1.361965501259459,8.33333,0.0
210.43020911307582,89660.44464735044,43176.273997732096,-2.6630894251593196,-0.7346504249811279,8.33333,0.0
211.03128202248936,89659.9009877379,43176.017633015086,-2.669158833730858,-0.5620010730865288,8.33333,0.0
211.63006786263549,89659.3623364978,43175.75610037105,-2.6620024218979865,-0.7156359895124166,8.33333,0.0
212.22928395989072,89658.82966552644,43175.48165262104,-2.648580507247053,-1.0297447657888041,8.33333,0.0
212.8321098400673,89658.30389562622,43175.186754242226,-2.63705844208757,-1.3111460034522004,8.33333,0.0
213.43941437996025,89657.783627221,43174.87348185164,-2.635669849355833,-1.3685652249780484,8.33333,0.0
214.04749276770983,89657.26423755639,43174.55726404388,-2.6511567915672174,-1.040315010806727,8.33333,0.0
214.65212075923841,89656.74086608867,43174.25451445276,-2.6873639097257223,-0.21091450630785621,8.33333,0.0
215.25020800058016,89656.20865227412,43173.98164671218,-2.7441390395804217,1.155448884080167,8.33333,0.0
215.84127486329118,89655.66273556901,43173.75507445596,-2.8166417080106387,2.9507720236733395,8.33333,0.0
216.42904585824692,89655.09876339708,43173.589514401014,-2.895912818364637,4.89920929523258,8.33333,0.0
217.02006779140726,89654.51748446749,43173.48264189991,-2.9714585361114,6.665370510597739,8.33333,0.0
217.61801236885066,89653.92259323804,43173.42229173163,-3.034653897714266,8.025982548522638,8.33333,0.0
218.22334922535458,89653.3178198415,43173.39617949923,-3.0806069518263164,8.931662705304197,8.33333,0.0
218.83428881058043,89652.70689441064,43173.3920208057,-3.1077829523059846,9.437741236389526,8.33333,0.0
219.44766089599716,89652.09354707827,43173.39753125406,-3.116614670484784,9.614054700431838,8.33333,0.0
220.05976280885702,89651.48145253306,43173.4005344935,-3.108310865237803,9.498595898198932,8.33333,0.0
220.6681605214312,89650.87312781888,43173.3911101217,-3.0842052695113917,9.090768011180938,8.33333,0.0
221.27202193624885,89650.2699941133,43173.36147329488,-3.0455729796574227,8.36517813433593,8.33333,0.0
221.87135601735102,89649.67342951702,43173.303923114785,-2.9938361101744504,7.296619497715154,8.33333,0.0
222.4673006781507,89649.08481213075,43173.21075868316,-2.930983685973458,5.890932326833946,8.33333,0.0
223.06244988415196,89648.50552127577,43173.074286404866,-2.859782063100219,4.206870555753395,8.33333,0.0
223.65993646686462,89647.93736574563,43172.88938234842,-2.78335588392994,2.346681905583624,8.33333,0.0
224.26073820855333,89647.38321422334,43172.65726422512,-2.7041979499048825,0.4119802620539077,8.33333,0.0
224.8651470131933,89646.84609601177,43172.38011078401,-2.6231598167919734,-1.5471602903779196,8.33333,0.0
225.47322011557404,89646.32904041378,43172.06010077412,-2.5389704251889844,-3.5580762252405584,8.33333,0.0
226.08466528363704,89645.83537679438,43171.69932186062,-2.448529110708106,-5.714141424518963,8.33333,0.0
226.69597530966064,89645.37413189003,43171.29813227186,-2.3480183755137483,-8.124148885915929,8.33333,0.0
227.3026376160667,89644.95943170699,43170.855342353054,-2.234701097588851,-10.823985250897872,8.33333,0.0
227.90351227371184,89644.60558223192,43170.3697078164,-2.108803743883408,-13.68480239731885,8.33333,0.0
228.5020564794463,89644.32681732907,43169.84004254931,-1.9742452868296538,-16.413527652237818,8.33333,0.0
229.10472011042657,89644.13147635695,43169.269915057674,-1.8371555503385342,-18.71071531304048,8.33333,0.0
229.71424337729601,89644.0177248857,43168.671100215135,-1.7029392821783127,-20.456935288317766,8.33333,0.0
230.3301525899607,89643.98271974531,43168.05618656397,-1.5742192722061743,-21.73027949871657,8.33333,0.0
230.9499273795492,89644.02361776575,43167.43776264647,-1.4509514492826574,-22.675500447134564,8.33333,0.0
231.5698374852929,89644.13757577697,43166.828417004916,-1.3318830552912209,-23.386404408533693,8.33333,0.0
232.185960689794,89644.32162684987,43166.24042635389,-1.2159168027910279,-23.8773244732943,8.33333,0.0
232.79784147588788,89644.57107039425,43165.68169921605,-1.1026741197897754,-24.116944506078287,8.33333,0.0
233.40675782404375,89644.8799291993,43165.15692749655,-0.992419742613197,-24.070945508779875,8.33333,0.0
234.0130804374185,89645.24219639492,43164.67072837019,-0.8859397683711192,-23.72192564935988,8.33333,0.0
234.61647562183362,89645.65186511102,43164.227719011804,-0.7847307297832787,-23.07599091951779,8.33333,0.0
235.21628420618768,89646.1029167036,43163.83234223113,-0.6912095967585311,-22.179255919933368,8.33333,0.0
235.81449648890577,89646.58896581066,43163.48360995456,-0.60838600548347,-21.1353192003525,8.33333,0.0
236.4146512008106,89647.10319751703,43163.17417267435,-0.5389638729131081,-20.09118645269123,8.33333,0.0
237.0180111446894,89647.63877246802,43162.896318947096,-0.48449366365205215,-19.189873941672513,8.33333,0.0
237.62389347107617,89648.188851309,43162.642337329366,-0.4451128669983072,-18.525576966868382,8.33333,0.0
238.23022380909393,89648.74659468526,43162.40451637774,-0.4198214709483732,-18.127608036843235,8.33333,0.0
238.83418342166917,89649.30533884621,43162.17523014566,-0.4069265073729582,-17.969938072935765,8.33333,0.0
239.43498259466776,89649.86169159188,43161.94844551509,-0.40435462099782943,-17.991981487941608,8.33333,0.0
240.03391542820918,89650.41515542906,43161.71953872176,-0.40962767082299223,-18.118829761882033,8.33333,0.0
240.6324171973424,89650.96533274592,43161.48393463083,-0.4194337424418813,-18.2749896460972,8.33333,0.0
241.23208612156034,89651.51182593057,43161.237058107436,-0.42910791123619596,-18.39336654358364,8.33333,0.0
241.83469075807463,89652.05431499406,43160.97468820836,-0.4326940343902483,-18.421409138582447,8.33333,0.0
242.4398264828714,89652.59454746188,43160.70203801829,-0.4240147188385506,-18.315510962611334,8.33333,0.0
243.04421199284124,89653.13650847347,43160.434530809835,-0.39845538934558306,-18.01849531725951,8.33333,0.0
243.6448768694171,89653.68429487766,43160.18809958345,-0.3547666593990391,-17.446925756482493,8.33333,0.0
244.24060886422674,89654.2420035233,43159.97867733958,-0.2961957699735595,-16.532522371661162,8.33333,0.0
244.83337298914242,89654.81353250505,43159.82143888756,-0.2301219800793994,-15.310006451796834,8.33333,0.0
245.4280744071268,89655.39905125464,43159.71733523522,-0.16561280001549575,-13.953375425684959,8.33333,0.0
246.02772169273234,89655.9954161187,43159.654678902356,-0.10977614484112755,-12.686225930549623,8.33333,0.0
246.6325930707573,89656.59936816937,43159.62134266896,-0.06499309882045116,-11.64504420659302,8.33333,0.0
247.24108755943925,89657.20764847883,43159.605199314974,-0.028302028319667192,-10.81662697428664,8.33333,0.0
247.85054535754358,89657.817017102,43159.59477392488,0.007295110576507661,-10.062078442043916,8.33333,0.0
248.45816515759932,89658.42463167512,43159.592253617055,0.05037322913866705,-9.174821130060213,8.33333,0.0
249.06190944532605,89659.02802687314,43159.6127816459,0.10828943495240682,-7.941276972652698,8.33333,0.0
249.66156720757388,89659.62475224168,43159.672012266084,0.1849290107017464,-6.207226698783038,8.33333,0.0
250.26005016314087,89660.21235732643,43159.78559973233,0.2798088829928248,-3.9453482280120684,8.33333,0.0
250.86452366410353,89660.78831813025,43159.96905917152,0.3891010805680282,-1.2670273904609126,8.33333,0.0
251.47956285077746,89661.34557480396,43160.229324806496,0.5082353852904878,1.6702291855569167,8.33333,0.0
252.0994512017471,89661.86996510552,43160.55989458626,0.6343338760980368,4.780424163724093,8.33333,0.0
252.7174232471734,89662.34670736229,43160.95309462382,0.7665586340691274,8.050889209769847,8.33333,0.0
253.32775024684517,89662.76101990156,43161.401251032155,0.9040968727406565,11.406023385609496,8.33333,0.0
253.92699717466732,89663.09812105067,43161.89668992422,1.0433887742759795,14.567486515252972,8.33333,0.0
254.51758773964806,89663.34788922561,43162.43186566567,1.1771003654534553,17.113983789290458,8.33333,0.0
255.11075554130173,89663.51920494714,43162.99975558852,1.2962259726042245,18.765971659058344,8.33333,0.0
255.71396184513927,89663.62579144789,43163.59347030355,1.3935162985161538,19.586043148567185,8.33333,0.0
256.32912796952303,89663.6813719618,43164.206120421535,1.4650036437374692,19.878202849232853,8.33333,0.0
256.9540920205323,89663.69966972273,43164.830816553265,1.5089526860312898,19.969209201376753,8.33333,0.0
257.5838841154691,89663.69493359461,43165.460590839764,1.524041904386253,20.079427670891864,8.33333,0.0
258.2111003233738,89663.68628864402,43166.08774746796,1.5083208600772968,20.27762696932318,8.33333,0.0
258.82761758436277,89663.69550435968,43166.70419584672,1.4593983145509692,20.441537752543592,8.33333,0.0
259.42725812380144,89663.74437640651,43167.30184147716,1.3760221974321727,20.211583336992774,8.33333,0.0
260.0085713881923,89663.85470044943,43167.872589860344,1.2610318080378156,19.057711581494935,8.33333,0.0
260.5782193120251,89664.04821860539,43168.40835984872,1.1240665348105316,16.636660702785907,8.33333,0.0
261.1512436035774,89664.33644285094,43168.90362101516,0.9803831897704008,13.229859077764296,8.33333,0.0
261.7388814227652,89664.70858821947,43169.35840231559,0.8447313185291611,9.611932800328038,8.33333,0.0
262.34546683539776,89665.15093296947,43169.773464943355,0.7255457164009268,6.426926759757233,8.33333,0.0
262.970189861592,89665.64975535948,43170.14957009179,0.6241164768270894,3.874817354952381,8.33333,0.0
263.6085388585911,89666.19133364804,43170.48747895426,0.5370503980678865,1.8419253727962217,8.33333,0.0
264.2534288100274,89666.76194609365,43170.78795272411,0.4586719732376123,0.09881517073595349,8.33333,0.0
264.8961818446362,89667.34821905072,43171.05142090684,0.38242261448909737,-1.6003125049757656,8.33333,0.0
265.5301726359542,89667.94215859432,43171.27318686912,0.30179684848327315,-3.482470229783776,8.33333,0.0
266.1520826477125,89668.54000145009,43171.44452274548,0.21126963728184958,-5.72775565666943,8.33333,0.0
266.7605886331862,89669.13809845824,43171.55659193485,0.10731379179765187,-8.414973962013097,8.33333,0.0
267.3569136034305,89669.73280045895,43171.60055783621,-0.010521656674927857,-11.442036232890397,8.33333,0.0
267.94549580940605,89670.3204582925,43171.56758384851,-0.1388694406080429,-14.491708945494269,8.33333,0.0
268.53450235295435,89670.89739891971,43171.44897431681,-0.27115474213701074,-17.156903611051277,8.33333,0.0
269.13204483316906,89671.45862680416,43171.24383953824,-0.4000422438299313,-19.188655997934685,8.33333,0.0
269.7393914741737,89671.99715754422,43170.96302895377,-0.5201747897811054,-20.61687029682593,8.33333,0.0
270.35384778422537,89672.50584258983,43170.61836087963,-0.6289682668803142,-21.629811374789753,8.33333,0.0
270.97018280028885,89672.97753339088,43170.22165363211,-0.725225725940309,-22.390130429058214,8.33333,0.0
271.5815431659874,89673.40514092815,43169.784717377246,-0.8072825931927728,-22.96131003377063,8.33333,0.0
272.1850770035392,89673.78833271694,43169.31843726178,-0.8724034056128172,-23.34834847092552,8.33333,0.0
272.7851768057014,89674.13966482057,43168.83193389539,-0.9179036107380217,-23.564908447599567,8.33333,0.0
273.38435641990225,89674.4731420186,43168.33412954781,-0.9431569276838352,-23.65363591112619,8.33333,0.0
273.98338655197097,89674.8027690906,43167.83394648879,-0.9511544040649166,-23.663539983647212,8.33333,0.0
274.582662089431,89675.14254305176,43167.34030205692,-0.9486374395842484,-23.63675867077252,8.33333,0.0
275.1830209031371,89675.50048433238,43166.858317882055,-0.9444687015881637,-23.619923764115978,8.33333,0.0
275.7841905905857,89675.86796901203,43166.38254482341,-0.94675966150223,-23.661676672902484,8.33333,0.0
276.3850109753478,89676.23349863368,43165.905708131824,-0.9600814860440089,-23.777526024231143,8.33333,0.0
276.98447109664346,89676.58557474038,43165.42053305815,-0.9840404402077523,-23.923994012274058,8.33333,0.0
277.5826384400301,89676.91286106811,43164.919845700235,-1.0137606465800564,-24.02730238227346,8.33333,0.0
278.1811524165381,89677.21236594093,43164.40166058733,-1.0421074876586327,-24.046424946799906,8.33333,0.0
278.78107817681513,89677.49329168294,43163.87157413654,-1.0627545971729708,-24.001933168399656,8.33333,0.0
279.38219046998586,89677.7658075901,43163.33578400099,-1.0726980398119634,-23.943838413631653,8.33333,0.0
279.98366280031576,89678.04008295837,43162.80048783389,-1.0732310624063954,-23.906545974003834,8.33333,0.0
280.58478394929364,89678.32602212994,43162.271729452485,-1.0692629178170634,-23.899644618594074,8.33333,0.0
281.1855860165556,89678.6250248272,43161.75061477119,-1.0674364767612206,-23.926102651446957,8.33333,0.0
281.78607950562326,89678.92838215014,43161.23238049499,-1.0738880192008935,-23.990704442349184,8.33333,0.0
282.3860200586355,89679.22679643931,43160.711921486836,-1.0926445629145225,-24.087150952348786,8.33333,0.0
282.98544956371074,89679.51097003535,43160.18413260966,-1.1251792058321242,-24.18467079330447,8.33333,0.0
283.58524535101367,89679.77162222621,43159.6439331818,-1.1709254783652936,-24.23147655536868,8.33333,0.0
284.186279654993,89680.00094478473,43159.08836734527,-1.228224833316985,-24.16986422615573,8.33333,0.0
284.7881362413283,89680.19372149678,43158.51821956635,-1.2952197449899963,-23.950249754826523,8.33333,0.0
285.39099040217644,89680.34499970028,43157.934654621895,-1.3703877944856817,-23.541809687776777,8.33333,0.0
285.9959589974519,89680.44982673318,43157.33883728878,-1.4527293641004937,-22.941893253532733,8.33333,0.0
286.60520827901325,89680.5032501571,43156.731934804964,-1.54185815632502,-22.17303555821242,8.33333,0.0
287.21959536358867,89680.50053925361,43156.11755370117,-1.638054674092348,-21.25048034970954,8.33333,0.0
287.83406781258805,89680.43760071082,43155.50631305265,-1.7418813589424573,-20.13111389182588,8.33333,0.0
288.44370267301395,89680.31045505693,43154.91008436687,-1.852842106928434,-18.698223893738078,8.33333,0.0
289.0456234794478,89680.11512282012,43154.34073915131,-1.9672807416622609,-16.84888923124652,8.33333,0.0
289.6398407120848,89679.84764690902,43153.810125585194,-2.077098608649758,-14.666192400072507,8.33333,0.0
290.2319945431662,89679.51069479923,43153.323186743684,-2.1713910375909333,-12.488958366363835,8.33333,0.0
290.8297847617728,89679.1227657007,43152.86836352531,-2.240823481669352,-10.731096837374535,8.33333,0.0
291.434342467838,89678.70467400407,43152.43168360458,-2.281681978725435,-9.63181354313823,8.33333,0.0
292.04242869707605,89678.2772341,43151.999174656004,-2.2973145280019245,-9.174519577916108,8.33333,0.0
292.6496135490394,89677.86125511231,43151.55686828452,-2.2971882424928434,-9.149240561329064,8.33333,0.0
293.2538641237553,89677.46966170214,43151.09667989032,-2.2942127699944272,-9.253030619592902,8.33333,0.0
293.8558074302981,89677.09165377908,43150.628229514725,-2.300798423576721,-9.190414826552662,8.33333,0.0
294.4551694599473,89676.71198697235,43150.164453751604,-2.3250541222752585,-8.747802021761013,8.33333,0.0
295.05210381560863,89676.31541691137,43149.718289194854,-2.368880941615026,-7.8306662828776386,8.33333,0.0
295.64910247094724,89675.88709441773,43149.30241994146,-2.4286171578816287,-6.478149648760665,8.33333,0.0
296.24921244988167,89675.4218898909,43148.92332004033,-2.4976437301134564,-4.8404605521450295,8.33333,0.0
296.85279322098785,89674.92475684494,43148.581021220794,-2.5694957271541488,-3.101474690121234,8.33333,0.0
297.45916868108804,89674.40111672429,43148.275256241344,-2.639822761182406,-1.3961846415291927,8.33333,0.0
298.06691494469277,89673.85639097344,43148.00575786048,-2.706569371435737,0.21493285454695205,8.33333,0.0
298.6740052799375,89673.29600103684,43147.772258836696,-2.7690823775617215,1.7192979817949117,8.33333,0.0
299.2781749188112,89672.72516573353,43147.57434974385,-2.8271846204114057,3.1163798279399595,8.33333,0.0
299.87961538765785,89672.14664552207,43147.409896095385,-2.8807502487683228,4.400444221686836,8.33333,0.0
300.4799078673519,89671.56156458333,43147.275615209524,-2.929770381372455,5.564288710383831,8.33333,0.0
301.0801437650637,89670.97101747827,43147.168203619825,-2.9746137063591784,6.611404625437235,8.33333,0.0
301.6809411376733,89670.37609867008,43147.084363923976,-3.0161571334600152,7.562169765360091,8.33333,0.0
302.2824014940055,89669.77788378744,43147.02196589178,-3.0556286344596417,8.448556800697084,8.33333,0.0
302.884244766392,89669.17740733892,43146.98142752353,-3.0942331994025576,9.301919461385408,8.33333,0.0
303.486220616339,89668.57569840642,43146.96350311377,-3.1327290318269583,10.140947929732151,8.33333,0.0
304.0881575681843,89667.9737860718,43146.96894695705,3.1121665547546984,10.962687744299858,8.33333,0.0
304.68997094305206,89667.3726994169,43146.99851334787,3.0754683579097426,11.736466734156629,8.33333,0.0
305.29167097426034,89666.7734675236,43147.05295658078,3.0433748880686475,12.4036217935839,8.33333,0.0
305.8933746144102,89666.17709629313,43147.132885461935,3.0203689675919994,12.887851418111293,8.33333,0.0
306.4952000641355,89665.5835377528,43147.23229437065,3.01142527093135,13.111824991931632,8.33333,0.0
307.09646695680175,89664.99127935307,43147.33598556683,3.020472046277743,13.007476781197427,8.33333,0.0
307.6961599379859,89664.39870042446,43147.42808271688,3.049025277691717,12.52022120259543,8.33333,0.0
308.29418234635006,89663.8041802974,43147.49270948715,3.0956543876107214,11.622858892998565,8.33333,0.0
308.89227663330644,89663.20651787089,43147.51543392378,-3.126631265450326,10.339238016605565,8.33333,0.0
309.4918926546566,89662.60737284129,43147.4916724725,-3.056196874493148,8.749946841016397,8.33333,0.0
310.0938354662951,89662.0095988576,43147.420951804255,-2.9803522950653387,6.964009388344104,8.33333,0.0
310.6990238496373,89661.41605354821,43147.30281228918,-2.901778052876745,5.079879124973212,8.33333,0.0
311.30852868161844,89660.82959454146,43147.13679429735,-2.8217059020192,3.1630469984170104,8.33333,0.0
311.9236044245791,89660.25307946566,43146.92243819886,-2.740246404248667,1.2389296897983602,8.33333,0.0
312.54486406406335,89659.69015733904,43146.65960323352,-2.656633910884534,-0.7100796950920432,8.33333,0.0
313.16869462438785,89659.14866883917,43146.34983755997,-2.5693897012281655,-2.741811886552648,8.33333,0.0
313.7905337293385,89658.6378371853,43145.99524639559,-2.47661146943563,-4.936950173407953,8.33333,0.0
314.4066917416143,89658.16688645346,43145.59793530304,-2.3765822930380174,-7.360070701595432,8.33333,0.0
315.0147480958049,89657.74504071976,43145.16000984496,-2.2688397155727804,-9.995748254669026,8.33333,0.0
315.61402596686287,89657.38152406027,43144.68357558401,-2.155576583387038,-12.680612038140568,8.33333,0.0
316.2061382453631,89657.08555987742,43144.17073822887,-2.042504375843519,-15.10902636209936,8.33333,0.0
316.79636275995233,89656.86168687111,43143.62461932729,-1.9378391462660263,-16.98328911365317,8.33333,0.0
317.39197161688696,89656.69855991378,43143.051784703464,-1.8493151892330504,-18.20616555430997,8.33333,0.0
317.9956902255663,89656.58147069013,43142.45952946105,-1.781193994019505,-18.911185747988196,8.33333,0.0
318.60612518856084,89656.49571088472,43141.855148703726,-1.733115731590064,-19.327611996980828,8.33333,0.0
319.2192470427509,89656.42657218223,43141.24593753516,-1.7007133478662413,-19.64962133545172,8.33333,0.0
319.8299130104918,89656.36016440309,43140.63889311255,-1.6771159465567156,-19.994789515805948,8.33333,0.0
320.43583573189125,89656.295043654,43140.03647993843,-1.6549435840094395,-20.416408793663507,8.33333,0.0
321.0372556032369,89656.23945292449,43139.43763477277,-1.6285408612991297,-20.91579639815992,8.33333,0.0
321.63487063409036,89656.2018905674,43138.84120137797,-1.5958523115258405,-21.44243575504224,8.33333,0.0
322.230150796706,89656.19085493562,43138.246023516454,-1.559217417383041,-21.908642450714392,8.33333,0.0
322.82568807850146,89656.21454455363,43137.65095759069,-1.5245931456729598,-22.23692046648466,8.33333,0.0
323.4239828404931,89656.27067708778,43137.05530185049,-1.4992701818363743,-22.40645189929683,8.33333,0.0
324.02487343928846,89656.3439984297,43136.458901404025,-1.488991717960608,-22.446205966713915,8.33333,0.0
324.62676191443694,89656.41844934828,43135.86163530149,-1.495711425950408,-22.38431393655716,8.33333,0.0
325.22796827172937,89656.4779706124,43135.26338259304,-1.5166871873887906,-22.221670183717904,8.33333,0.0
325.82801305321755,89656.50680218675,43134.664030876505,-1.5451243921746383,-21.965577867747882,8.33333,0.0
326.4282561683902,89656.50127599161,43134.06381320059,-1.572374134357654,-21.67744881116191,8.33333,0.0
327.0292830131652,89656.47370368018,43133.46341913351,-1.5909624181554733,-21.462114128717904,8.33333,0.0
327.6302245782073,89656.43749264978,43132.86356954747,-1.5969725250808386,-21.399016756483494,8.33333,0.0
328.2296340420311,89656.40605029787,43132.264985314614,-1.590743008933021,-21.486034145706217,8.33333,0.0
328.82656702927727,89656.39167901583,43131.6682253482,-1.5759689121379246,-21.644258028468425,8.33333,0.0
329.4225005435186,89656.39617577958,43131.07230879992,-1.5579639920216157,-21.770973756163826,8.33333,0.0
330.0197197017432,89656.41552751408,43130.47540325185,-1.542041034346458,-21.797336091206642,8.33333,0.0
330.6202121455272,89656.44565977994,43129.87566729195,-1.532785950452265,-21.71656265263338,8.33333,0.0
331.2257415285248,89656.48249813788,43129.2712595082,-1.534273317614512,-21.575119784457232,8.33333,0.0
331.8376751970809,89656.52161102614,43128.66057710573,-1.5505408571049863,-21.433884176254164,8.33333,0.0
332.45268938106267,89656.55212663482,43128.046320445916,-1.5856100285076242,-21.308242119179756,8.33333,0.0
333.06411178097403,89656.55758691272,43127.43492242786,-1.6427598795433038,-21.10364621739907,8.33333,0.0
333.6671842463193,89656.52134857199,43126.83293971954,-1.7230256336550596,-20.58708026200486,8.33333,0.0
334.2607783834179,89656.42676832479,43126.24692898889,-1.8232758183189604,-19.469036798724137,8.33333,0.0
334.84921666440533,89656.25725317911,43125.6834361088,-1.935304653328101,-17.626016160199757,8.33333,0.0
335.4417677711063,89656.00554592565,43125.1470031935,-2.0478947980094966,-15.276452227223734,8.33333,0.0
336.0436466679352,89655.6846019722,43124.63783408094,-2.1514033157618258,-12.84992867840936,8.33333,0.0
336.6542984932242,89655.3100185258,43124.15556559409,-2.2413352167482157,-10.67853665955475,8.33333,0.0
337.2690755049129,89654.89739279347,43123.69983455595,-2.31853681953882,-8.852769065593634,8.33333,0.0
337.88120708994563,89654.46108110162,43123.270489490824,-2.3870528229467327,-7.285086725616425,8.33333,0.0
338.4884505373553,89654.00542685442,43122.86908718461,-2.451663976038247,-5.826577735845084,8.33333,0.0
339.0916022913125,89653.52993357212,43122.49801013494,-2.516187341158774,-4.349155680838942,8.33333,0.0
339.69190851022876,89653.03407329907,43122.15964620944,-2.582789835773394,-2.782835113232213,8.33333,0.0
340.29107823897726,89652.51731807957,43121.85638327573,-2.6521279104212345,-1.1169020237691385,8.33333,0.0
340.89130444628836,89651.97914000493,43121.59060919889,-2.7239092157817217,0.6222672535529357,8.33333,0.0
341.4944020939272,89651.41996756008,43121.364660201296,-2.7974506072280807,2.3989064918322116,8.33333,0.0
342.09937784857084,89650.84364303786,43121.18068816865,-2.871863160935543,4.181086373205213,8.33333,0.0
342.7046372480488,89650.25477011029,43121.04080387423,-2.945620548233339,5.927786075579915,8.33333,0.0
343.30876334938955,89649.65795244936,43120.94711809131,-3.0156763042162105,7.560735975748602,8.33333,0.0
343.9106350288956,89649.05779372701,43120.90174159314,-3.076978618609459,8.956452763466409,8.33333,0.0
344.5102288649213,89648.45820324795,43120.903747987584,-3.123509212241797,9.986438182737828,8.33333,0.0
345.10992138444567,89647.85937693377,43120.93596853107,3.1321454502056216,10.58267510305495,8.33333,0.0
345.71034827218034,89647.26027450101,43120.97582731389,3.12301467061188,10.77993163595687,8.33333,0.0
346.31128470699497,89646.65985496824,43121.00074685153,3.1256479132981614,10.724204314689954,8.33333,0.0
346.9134973091239,89646.05765593694,43120.99670397362,3.1291845798478146,10.649405868486433,8.33333,0.0
347.5163416121577,89645.45511100467,43120.9777077028,3.1226612503314155,10.80363188738889,8.33333,0.0
348.11757896490246,89644.85404153951,43120.963500226455,3.0992093380198975,11.342382897447907,8.33333,0.0
348.7154407314037,89644.2562689096,43120.97382373197,3.0583327955228374,12.251915667221299,8.33333,0.0
349.3106025997659,89643.66358621197,43121.02809038373,3.0055760592921157,13.355877754156321,8.33333,0.0
349.906784013981,89643.07668810581,43121.13288967588,2.949807303068309,14.419129735063597,8.33333,0.0
350.5064897655002,89642.49484268599,43121.27815803391,2.899307498551243,15.282916707658899,8.33333,0.0
351.10991038779355,89641.91722274252,43121.45271933634,2.8586991334657337,15.921320153602984,8.33333,0.0
351.7155962754488,89641.34300106535,43121.645397461674,2.8280095292641474,16.401472321207972,8.33333,0.0
352.3211029640445,89640.771357654,43121.84505256476,2.80360839159228,16.82065171580757,8.33333,0.0
352.9243898434937,89640.20260253928,43122.04623079023,2.780179286231935,17.265647727207778,8.33333,0.0
353.5251494389423,89639.63939483183,43122.2552981712,2.7529938791118496,17.787673368401855,8.33333,0.0
354.12367641133096,89639.0846864102,43122.480093864346,2.7197032740570806,18.385427595590595,8.33333,0.0
354.72101417783887,89638.54142827736,43122.728454506134,2.6809160832473315,19.009080681143665,8.33333,0.0
355.31889094121226,89638.01165277182,43123.00557278037,2.6393858603101683,19.592346570688335,8.33333,0.0
355.9182799095122,89637.49473341023,43123.30898917567,2.5983857611580525,20.092189039664376,8.33333,0.0
356.5194383962385,89636.98956547883,43123.63486781449,2.5601982004775854,20.50727663646714,8.33333,0.0
357.12212814263387,89636.49504426384,43123.979372819296,2.525329747065949,20.8696317733902,8.33333,0.0
357.7256992551648,89636.0100650515,43124.33866831256,2.4925272136674193,21.224163199102826,8.33333,0.0
358.32916917495504,89635.53370491134,43124.70915037821,2.4594783306242562,21.607196580198046,8.33333,0.0
358.9314093509309,89635.06822695603,43125.09128059512,2.424089321892388,22.02628929274319,8.33333,0.0
359.5316799847654,89634.61860951461,43125.48898524711,2.3859914814619136,22.447911303180422,8.33333,0.0
360.1299520163156,89634.18991777879,43125.9063014574,2.347508980064019,22.808385449595768,8.33333,0.0
360.7272086380672,89633.78603652013,43126.346296231386,2.313285714793786,23.051261484353763,8.33333,0.0
361.3252733504249,89633.40162315825,43126.80445315578,2.2884751527313067,23.161340081729016,8.33333,0.0
361.9249324018686,89633.02699388699,43127.27268801896,2.276356600561263,23.16520101353848,8.33333,0.0
362.5260865310639,89632.65243961246,43127.74289582672,2.276494758099519,23.11071392907827,8.33333,0.0
363.12855396943263,89632.2682512407,43128.20697158487,2.2842284594416284,23.08423975465487,8.33333,0.0
363.732774115861,89631.86552578228,43128.65740936136,2.2918616153190796,23.2677557536341,8.33333,0.0
364.33829407293723,89631.44865825835,43129.09658573357,2.2911713527948043,23.958679306810517,8.33333,0.0
364.9424501717715,89631.0329521313,43129.53498396314,2.27561498246863,25.430938932346034,8.33333,0.0
365.54257321708315,89630.63403316855,43129.98332683492,2.2413985494576,27.561450375013735,8.33333,0.0
366.13780202287234,89630.26752713746,43130.45233713376,2.189676219590501,29.41419684019598,8.33333,0.0
