s_m,x_m,y_m,psi_rad,kappa_radpm,vx_mps,ax_mps2
0.0,89656.8036175,43128.8719252,-1.8634764,-0.0627543,2.7244761,-0.2516845
2.0179681,89656.2213946,43126.9397731,-2.1074662,-0.1221567,2.5380581,-0.0303873
3.9847944,89655.2158019,43125.2494509,-2.3779677,-0.1352915,2.51451,0.0496225
6.0045768,89653.7568445,43123.8526817,-2.6006797,-0.1112664,2.5543693,0.2248788
7.9797429,89652.0636553,43122.8356315,-2.7342229,-0.0673278,2.7282569,0.3573317
9.9685876,89650.2375655,43122.0476597,-2.8078881,-0.0373258,2.9887446,0.0388003
11.9259894,89648.3881429,43121.4065216,-2.9460748,-0.0689915,3.0141558,-0.1379176
13.9713024,89646.3817989,43121.0091694,-3.1391971,-0.0952135,2.9205692,-0.0890614
15.9763035,89644.3768035,43121.0043664,2.9254691,-0.1089137,2.8594276,-0.0264009
17.9760231,89642.4236053,43121.4331963,2.7284413,-0.0982534,2.8409644,0.1365843
19.9804259,89640.5878526,43122.237959,2.5936926,-0.0672226,2.9373295,0.3245184
21.9820208,89638.8792508,43123.2805814,2.5190811,-0.0371199,3.1584673,0.3453086
23.9995146,89637.2402053,43124.4569365,2.4873304,-0.0160333,3.3790357,0.3535199
25.9424503,89635.6984914,43125.6393566,2.4873033,-1.37e-05,3.5823086,0.3367328
27.9514344,89634.1044015,43126.8620154,2.4833548,-0.0019789,3.7711507,0.3359911
29.9329723,89632.5368635,43128.0741693,2.4373715,-0.0228304,3.947696,0.3083162
31.9793407,89630.9772934,43129.399071,2.3608988,-0.0378818,4.107518,0.0577651
33.9694169,89629.5634926,43130.7996319,2.2604007,-0.0502332,4.1355049,-0.0574187
35.9789164,89628.2849846,43132.3499563,2.1737394,-0.0434482,4.1076044,0.188082
37.9573529,89627.1630746,43133.9795357,2.1221808,-0.0258772,4.1981945,0.3180767
39.9633402,89626.112204,43135.6882357,2.0975666,-0.0122958,4.3501783,0.3139235
41.9609412,89625.107922,43137.4150325,2.0976304,3.19e-05,4.4943319,0.3076327
43.9639408,89624.1008153,43139.1464319,2.114396,0.0083757,4.6314353,0.3026352
45.9642681,89623.0662058,43140.8584168,2.1373043,0.0114467,4.7621441,0.2970016
47.9664735,89621.9916445,43142.5478382,2.1536004,0.0081406,4.8870161,0.2918303
49.9678752,89620.8901384,43144.2188538,2.1618046,0.0041032,5.0065306,0.2572405
51.9653703,89619.7771371,43145.8775324,2.1635577,0.0008767,5.1091639,-0.9562009
53.967279,89618.6587639,43147.5379179,2.1535246,-0.0050266,4.7344985,-0.8850976
55.9573737,89617.5636068,43149.199576,2.1373683,-0.0080894,4.3624574,-0.9047631
57.9616704,89616.487815,43150.8906931,2.1183655,-0.0095147,3.9467712,-0.790412
59.9517459,89615.4517551,43152.5898048,2.0735258,-0.0224069,3.5482227,-0.6387062
61.9636363,89614.4823879,43154.3527655,1.9955348,-0.0388644,3.1860677,-0.541319
63.9642199,89613.6579824,43156.1755902,1.8751878,-0.0601519,2.8461647,-0.4018201
65.9626608,89613.0590244,43158.0821619,1.6891829,-0.0922759,2.5640258,-0.3057367
67.9899044,89612.8195861,43160.0952158,1.4601299,-0.1135619,2.3222955,-0.3079074
69.9878225,89613.0402376,43162.080912,1.1246972,-0.1682805,2.0573965,-0.0191079
71.957827,89613.8901954,43163.858126,0.7888603,-0.1706859,2.0391003,-0.0658668
73.9044999,89615.2619271,43165.2393889,0.402149,-0.1948636,1.9762191,-0.007031
75.9021742,89617.100231,43166.0212723,0.0617727,-0.1710174,1.9691117,0.2881451
77.8659103,89619.0602216,43166.1425005,-0.2523935,-0.1581785,2.2564703,0.0411842
79.8581565,89620.9893484,43165.644992,-0.4762311,-0.1121004,2.292832,0.3520671
81.8510969,89622.7605323,43164.7313626,-0.6466616,-0.0839971,2.5988504,0.2433161
83.911254,89624.4047431,43163.4900656,-0.8293987,-0.090513,2.7917316,0.1860692
85.8832828,89625.7364923,43162.0356441,-0.9679334,-0.069746,2.9231675,0.314549
87.880624,89626.8689909,43160.3904029,-1.0569762,-0.0445688,3.1380925,0.3492727
89.8777141,89627.8505761,43158.6511905,-1.1102431,-0.0266518,3.3603705,0.3439505
91.877401,89628.7393244,43156.8598575,-1.1454733,-0.0176183,3.5650483,0.3388286
93.8767853,89629.5643003,43155.0386073,-1.168539,-0.0115331,3.7550734,0.3333074
95.8771995,89630.3474556,43153.197867,-1.1809317,-0.0061954,3.932634,0.3279038
97.8773821,89631.1076513,43151.347777,-1.1825477,-0.0008078,4.0994096,0.3223572
99.8779494,89631.8650021,43149.496105,-1.1738727,0.0043374,4.2567243,0.0863916
101.877432,89632.637968,43147.6520729,-1.1538706,0.0100026,4.2973044,-0.7998513
103.8772342,89633.4477907,43145.8235774,-1.1221627,0.0158424,3.925084,-0.7812434
105.8801831,89634.3165393,43144.0188392,-1.0835769,0.0193045,3.5264198,-0.7345379
107.8745785,89635.2502567,43142.2565154,-1.0112264,0.036256,3.1109959,-0.4752423
109.8704089,89636.309687,43140.5650821,-0.8724644,0.0694352,2.8061087,-0.3783249
111.8682507,89637.5941813,43139.0349036,-0.6788869,0.096011,2.5367558,-0.3213388
113.8965183,89639.1727255,43137.7612994,-0.4370168,0.1196617,2.2798288,-0.3214116
115.9009661,89640.9887919,43136.9129399,-0.0934637,0.1723072,1.9972406,-0.0540102
117.8646112,89642.9438665,43136.7296775,0.3501291,0.2253161,1.9441389,0.0719551
119.8062742,89644.7677258,43137.3957049,0.7420647,0.1977366,2.0160024,0.0873525
121.8034904,89646.2398235,43138.745446,1.0969661,0.1776647,2.1025409,0.142589
123.7805211,89647.1419385,43140.5046614,1.4152745,0.1601852,2.2366182,0.0773932
125.760988,89647.4487041,43142.4612257,1.6867694,0.1369776,2.3051478,0.2142239
127.7324348,89647.2205815,43144.4194296,1.9056843,0.1090373,2.4883599,0.1909166
129.7683824,89646.55144,43146.3422744,2.0901387,0.0911988,2.6445657,0.2895125
131.7718069,89645.5571217,43148.0815389,2.191628,0.0505222,2.8638896,0.3513982
133.7842714,89644.3864473,43149.7184674,2.2280561,0.0181954,3.1108183,0.3508252
135.7756918,89643.1697895,43151.2950139,2.2196435,-0.0042136,3.3354024,0.3442209
137.7772879,89641.9602884,43152.8898476,2.2037998,-0.0079202,3.5419716,0.3394805
139.7765084,89640.7776116,43154.5017278,2.187302,-0.0082602,3.733587,0.3348082
141.7717632,89639.6239799,43156.1296638,2.1705763,-0.0083726,3.9125108,0.328567
143.7718273,89638.495022,43157.7806364,2.1529046,-0.008841,4.0804733,0.3234894
145.769384,89637.396793,43159.4492063,2.1339705,-0.0094765,4.2388344,0.317858
147.7677654,89636.3299113,43161.1389673,2.1137237,-0.0101304,4.3886873,0.244236
149.766547,89635.2972516,43162.850324,2.0921536,-0.0107987,4.499922,-0.7651073
151.7626284,89634.3030882,43164.5812139,2.0677921,-0.0121927,4.1605347,-0.8328192
153.76253,89633.3495612,43166.3391653,2.0570952,-0.0053528,3.760212,-0.8814034
155.7593778,89632.4163204,43168.1045158,2.0936072,0.0181975,3.2921457,-0.5860761
157.7751713,89631.4097995,43169.8510378,2.2145173,0.0602293,2.9332891,-0.1440272
159.7719274,89630.2113947,43171.4481793,2.4239931,0.1043607,2.8352465,-0.0093804
161.7822937,89628.6968122,43172.7701522,2.6358375,0.1061425,2.8285952,0.0440854
163.7561622,89626.9700545,43173.7264287,2.7603606,0.062731,2.8593591,-0.0847513
165.7497951,89625.1195506,43174.4681884,2.7186125,-0.0209167,2.8002679,-0.4552452
167.7477133,89623.2977095,43175.2882936,2.5208642,-0.097634,2.4754624,-0.2274871
169.7940029,89621.6331452,43176.4784727,2.2654158,-0.1270055,2.2874149,-0.2152284
171.7594057,89620.3751043,43177.9884864,1.9155207,-0.1777365,2.1024853,-0.0011425
173.711182,89619.7155262,43179.825437,1.5743231,-0.1734563,2.1014247,0.1707125
175.6744564,89619.7086023,43181.7886992,1.263961,-0.1561601,2.2609143,0.102975
177.6701647,89620.3113925,43183.6911964,1.0067383,-0.1279251,2.3518104,0.2070304
179.6848361,89621.3884762,43185.3937802,0.7745986,-0.1157119,2.5291623,0.1326834
181.6735335,89622.8098019,43186.7847333,0.545993,-0.1147789,2.6334922,0.0366939
183.6595744,89624.5070964,43187.8160188,0.3164162,-0.1139917,2.6611648,-0.1601898
185.6926449,89626.4392385,43188.4486345,0.0865609,-0.1124702,2.5387834,-0.2209157
187.7379803,89628.4769161,43188.6254597,-0.1753482,-0.1309155,2.3608057,-0.0228652
189.6823906,89630.3915105,43188.2862553,-0.398159,-0.1157893,2.3419734,0.2349472
191.5785747,89632.1393681,43187.551063,-0.5135155,-0.0581936,2.5321989,0.2751376
193.6447574,89633.9390607,43186.5360664,-0.6808596,-0.0824108,2.7567012,0.2231475
195.6350521,89635.4855831,43185.2832531,-0.7123787,-0.0154837,2.9178102,0.1378382
197.7158314,89637.0603361,43183.9231811,-0.6473832,0.0321259,3.0161068,-0.5674414
199.6806382,89638.6275932,43182.738204,-0.495789,0.0770305,2.6464539,-0.1440574
201.6480182,89640.3580881,43181.8022706,-0.2443231,0.1284159,2.5393613,-0.0530956
203.5867532,89642.2392451,43181.3332913,0.0353723,0.1417233,2.4988242,-0.0142675
205.5822207,89644.2334643,43181.4038609,0.2943153,0.1281825,2.4874307,0.1254904
207.6156951,89646.1795014,43181.9937407,0.504467,0.1040089,2.5900191,0.21731
209.6158183,89647.9304736,43182.960482,0.6084953,0.051728,2.7578352,0.351538
211.6360102,89649.5880595,43184.1152914,0.6135013,0.0025084,3.0153466,-0.1520653
213.6072692,89651.1998341,43185.2502118,0.522321,-0.0463009,2.9159352,-0.4353651
215.5732467,89652.9036752,43186.2310243,0.3675612,-0.0768467,2.6224039,-0.4427711
217.6309976,89654.8239818,43186.9704577,0.1666108,-0.0987215,2.2749698,-0.2781402
219.637454,89656.8026537,43187.3032104,-0.1642428,-0.1632962,2.0296583,-0.1515327
221.6647286,89658.8026462,43186.9717402,-0.3729334,-0.1072791,1.8783036,-0.3421452
223.5209679,89660.5312924,43186.2954217,-0.8244359,-0.232951,1.5401776,0.2168647
225.5081411,89661.8805258,43184.836509,-1.1511899,-0.1585894,1.8199815,0.0423183
227.623362,89662.7422691,43182.9047848,-1.5579509,-0.2024687,1.8691648,-0.064202
229.4982043,89662.7663517,43181.0300973,-1.915085,-0.18858,1.8047678,0.2215791
231.3908781,89662.1275228,43179.2484936,-2.18999,-0.139265,2.0371394,0.1626646
233.4336715,89660.941929,43177.5849516,-2.4660448,-0.1346169,2.2002555,0.2862709
235.4792079,89659.345665,43176.3058267,-2.686238,-0.1071377,2.4663962,0.2082542
237.5358434,89657.4985901,43175.4013578,-2.8633746,-0.0883093,2.6400516,0.3060128
239.4856823,89655.6237296,43174.8658488,-2.9195425,-0.0286378,2.8660607,0.3523011
241.4579776,89653.6998581,43174.4314905,-2.8387905,0.0410045,3.1084986,-0.2056144
243.4233044,89651.8239445,43173.8454379,-2.7752348,0.0315707,2.9785003,-0.702572
245.4835523,89649.9004183,43173.1074213,-2.663129,0.0550444,2.4925267,-0.427465
247.4944528,89648.1153352,43172.1815709,-2.4071545,0.1260825,2.14766,-0.3365566
249.5329041,89646.6023815,43170.8154615,-2.0662735,0.1721769,1.8282173,-0.1781909
251.4348989,89645.6980752,43169.1421969,-1.5755323,0.2542155,1.6428355,0.2059373
253.355105,89645.6889812,43167.2220123,-1.2179268,0.1810732,1.8835426,0.2299808
255.3636987,89646.3831349,43165.3371783,-0.9455553,0.1349353,2.1287922,0.290787
257.3797064,89647.5630896,43163.7025548,-0.8318841,0.0567735,2.4041732,0.3606011
259.3659143,89648.9007692,43162.2343467,-0.6802022,0.0761638,2.7020838,0.1973871
261.3589345,89650.450234,43160.9808363,-0.4783243,0.1007895,2.8476738,-0.1168257
263.3650454,89652.231194,43160.0574391,-0.2708066,0.1038077,2.7653732,-0.1825386
265.3498829,89654.143695,43159.5264778,-0.0718984,0.0981047,2.6343567,-0.303315
267.4133759,89656.2018568,43159.3782438,0.130509,0.0988292,2.39677,-0.3484301
269.4389966,89658.2102512,43159.6418558,0.4322194,0.1506159,2.1022956,-0.000602
271.4045409,89659.9950408,43160.4651969,0.6808081,0.1289377,2.1017328,-0.0502848
273.2850131,89661.4562887,43161.6488059,0.9473,0.1388793,2.0567417,0.0332294
275.2309319,89662.5924663,43163.2285845,1.1186729,0.0844771,2.0881806,0.3396903
277.3372896,89663.5126846,43165.1232985,1.0956006,-0.011049,2.4308278,-0.2224039
279.4071969,89664.4596929,43166.9638667,0.9849439,-0.0552684,2.2414457,-0.2989383
281.3395771,89665.5281249,43168.5740053,0.6368855,-0.1810888,1.983727,0.0999229
283.2318803,89667.0494456,43169.6993475,0.3114321,-0.1635813,2.0790447,0.132306
285.3010352,89669.0190652,43170.3333825,-0.0242227,-0.1648217,2.2107214,0.1146696
287.2857086,89671.0031564,43170.285313,-0.3057985,-0.143457,2.3136659,0.0900925
289.2136498,89672.8416544,43169.7048971,-0.5465012,-0.1225857,2.3887386,0.2511278
291.2033188,89674.5415242,43168.6708636,-0.6985369,-0.0751513,2.5979123,0.3196829
293.2558754,89676.113339,43167.3508686,-0.8823275,-0.090842,2.8504871,0.0790694
295.2439997,89677.3765047,43165.8155997,-1.0612072,-0.0901195,2.9056355,0.1655447
297.220418,89678.3406384,43164.0902952,-1.2032831,-0.0709085,3.0182393,0.2375226
299.2479319,89679.0691156,43162.1981712,-1.3401078,-0.0670383,3.177796,0.0366041
301.2992221,89679.5381388,43160.2012213,-1.4817324,-0.0701757,3.2014242,-0.2118642
303.2808424,89679.7143963,43158.2274553,-1.6205441,-0.07065,3.0702844,-0.2766822
305.2256249,89679.6176877,43156.2850788,-1.7444671,-0.063193,2.8950281,-0.1434181
307.2003828,89679.2764514,43154.3400269,-1.962388,-0.1099003,2.7971996,-0.0394165
309.1835774,89678.5195451,43152.5069548,-2.1991778,-0.1178948,2.7692536,-0.0329995
311.2079692,89677.3295344,43150.8692623,-2.4416772,-0.1201676,2.7451302,-0.0020751
313.2097141,89675.7984063,43149.5798323,-2.6755142,-0.116162,2.743617,0.0278513
315.2248513,89673.9982089,43148.6742569,-2.8848713,-0.1040237,2.7640733,0.1142662
317.227548,89672.0611452,43148.1657507,-3.0434182,-0.0799236,2.8468644,0.27222
319.1881558,89670.1099783,43147.9735781,-3.0942943,-0.0259004,3.0343396,0.3566017
321.1557196,89668.1446149,43147.8805503,-3.0540991,0.0203346,3.2655717,0.0179917
323.1412597,89666.1666697,43147.7070499,-3.0086555,0.0224103,3.2765111,-0.7596763
325.2109757,89664.115215,43147.4327175,-2.9296723,0.0387189,2.7966365,-0.4042817
327.2200275,89662.1511082,43147.0101383,-2.71656,0.1057439,2.5062081,-0.0460282
329.2340789,89660.3162565,43146.1796431,-2.4521307,0.1338832,2.4692187,-0.0979624
331.1586617,89658.8312707,43144.9553734,-2.1711866,0.1435289,2.3928639,0.0162557
333.1360197,89657.7141337,43143.3238252,-1.9283801,0.1221722,2.4062969,0.2337444
335.1237268,89657.0184125,43141.46185,-1.7032814,0.1117263,2.59938,0.0902142
337.1569814,89656.749824,43139.4464135,-1.5120914,0.0949357,2.6699463,0.2629587
339.1453735,89656.8664854,43137.4614467,-1.4244222,0.0440048,2.8657798,0.3545435
341.1402364,89657.1574402,43135.4879159,-1.4840166,-0.029987,3.1125767,0.2815961
343.1194662,89657.3289817,43133.5161341,-1.6092152,-0.0624317,3.2916384,0.1602853
345.1483579,89657.2510531,43131.4887395,-1.7274373,-0.0584668,3.3904347,-0.2628331
347.1611875,89656.9370491,43129.5005532,-1.7274373,-0.039543,3.2343962,-0.8172991
