idx,ub,lb,left_boundary_idx,right_boundary_idx,left_x,left_y,right_x,right_y
0,3.660940906132043,-3.729987112386128,3989,3984,89630.39772220972,43124.6088479713,89636.45195564943,43128.84819632126
1,3.584082199573208,-3.763531629538761,3973,3973,89629.6969878667,43125.764047706085,89635.89862275109,43129.70449866281
2,3.5573238718870392,-3.7584026155104637,3960,3961,89629.04249301196,43126.84410692646,89635.29596297594,43130.640680045464
3,3.572590566471642,-3.720304142644809,3946,3948,89628.41610793659,43127.860130394176,89634.6500237012,43131.644916712845
4,3.6041713351074507,-3.661266464223118,3933,3935,89627.7935208772,43128.843756534705,89633.98013781135,43132.653265338486
5,3.6258432779231393,-3.606104219677698,3920,3923,89627.18106235069,43129.812052178306,89633.30061055052,43133.66590666933
6,3.6455988506505808,-3.5973510919987053,3910,3908,89626.55697545137,43130.769059491184,89632.64561386238,43134.6919163802
7,3.646444578371708,-3.6343423175655816,3895,3896,89625.92231650381,43131.729588832866,89632.01256964378,43135.71941019668
8,3.6392283616266465,-3.6757717544459854,3884,3882,89625.29098181133,43132.686098651655,89631.3731860576,43136.750089080386
9,3.6625791344752057,-3.7050833289742884,3871,3869,89624.6206665698,43133.652889939345,89630.74387542173,43137.75029930758
10,3.702162610562161,-3.728701073952146,3856,3858,89623.93571633297,43134.621042656014,89630.11950006355,43138.74154673576
11,3.740856298283725,-3.7496694660866687,3843,3846,89623.24804192562,43135.594015875606,89629.49558744248,43139.72634587713
12,3.784490212883263,-3.759935265670304,3830,3833,89622.55666043829,43136.57619432175,89628.87391327886,43140.70059395682
13,3.841451291608912,-3.758634547333038,3819,3818,89621.84872126096,43137.582014469284,89628.26769022517,43141.65118418751
14,3.756963056710455,-3.744878295559733,3808,3802,89621.2691959926,43138.66926617196,89627.65901243105,43142.59964396012
15,3.6755221996361302,-3.7225787195163837,3793,3793,89620.70257389276,43139.7482464652,89627.04400087996,43143.558522173844
16,3.641574384628475,-3.6856458290876604,3778,3782,89620.10792994153,43140.787510596645,89626.40868497937,43144.52764990066
17,3.6226132320382898,-3.643747786295685,3768,3767,89619.52062724937,43141.79324682174,89625.75556720099,43145.524938964525
18,3.596476539726743,-3.6511152812936434,3756,3752,89618.95150838439,43142.76947738645,89625.12013986235,43146.574155151146
19,3.5701397792275684,-3.673220805455992,3740,3742,89618.37681898108,43143.74133753094,89624.48901404446,43147.62815423189
20,3.648154170712181,-3.69868059337642,3730,3727,89617.69840843945,43144.67336012551,89623.86817816105,43148.66208456237
21,3.7113816801746107,-3.7207192863962897,3715,3716,89617.01177258909,43145.62713946526,89623.24853502354,43149.6692823516
22,3.7465820804620464,-3.702303152401068,3702,3704,89616.34007791725,43146.60973551587,89622.60368905833,43150.6412447476
23,3.7785135304018165,-3.6758558977967337,3690,3691,89615.67926456337,43147.59665395352,89621.95781619595,43151.61503832651
24,3.791414101746337,-3.689421433388892,3677,3677,89615.02497256716,43148.602246872,89621.3487603555,43152.59882144428
25,3.7317618704810167,-3.7058170833803836,3667,3662,89614.42698293184,43149.64560811319,89620.7387196472,43153.580015353284
26,3.6027472195668184,-3.685298625272874,3650,3653,89613.89875403668,43150.71569110694,89620.09323360081,43154.555487347105
27,3.5708117528241585,-3.6654185120574696,3639,3638,89613.3028737008,43151.692688849864,89619.41182834866,43155.571309939485
28,3.5340390720919816,-3.708545330048032,3627,3625,89612.69880842643,43152.65040967835,89618.74395071957,43156.63930469801
29,3.508406987405799,-3.7413721836652085,3613,3612,89612.06658645657,43153.6490901272,89618.10096309632,43157.66724848629
30,3.502278102715177,-3.7518833744040982,3599,3600,89611.3920815686,43154.71460973272,89617.49415886235,43158.637301593844
31,3.553002914828269,-3.7131038675850165,3585,3588,89610.65806310948,43155.87382273589,89616.95444540869,43159.50037450249
32,3.673263791752721,-3.648921236388326,3572,3576,89609.88350211587,43157.17201931527,89616.53034392082,43160.24348274601
33,3.8752641076734173,-3.4585208092467004,3558,3545,89609.12485437709,43158.65036534133,89616.11810144274,43160.859187807335
34,3.9117042238669204,-3.536699026244082,3550,3563,89608.71365497826,43160.38249529405,89616.08501427327,43161.4510331362
35,3.8782582575987887,-3.6573893539560616,3534,3537,89608.6685461982,43162.25652328701,89616.19472223194,43161.878820712736
36,3.9269983559578536,-3.729817440197169,3523,3532,89608.92440725896,43164.17357019875,89616.3174631952,43162.1811967247
37,3.9902887245430416,-3.807133308353833,3511,3507,89609.58495968954,43166.04511146394,89616.49792388949,43162.4380744071
38,3.963429764661056,-3.787619458837166,3496,3502,89610.70012389182,43167.674742345225,89616.65166319681,43162.70906575827
39,3.9713950858316416,-3.7009128243974607,3485,3489,89612.1207744626,43169.06163038557,89616.84763755149,43163.018363553114
40,3.9623481804039447,-3.7607645957836646,3474,3467,89613.81602588191,43170.107142570996,89617.18862802001,43163.15933530742
41,4.024243012030665,-3.7375979507152306,3458,3461,89615.67662677796,43170.83512406435,89617.479206357,43163.28549612702
42,4.034550862713661,-3.652650332338775,3444,3423,89617.66282849427,43171.08701752371,89617.75465828124,43163.40036483847
43,4.1126800841680256,-3.7328641003865535,3434,3421,89619.68355957993,43170.95385229578,89618.01272002452,43163.28828912456
44,4.271820380995339,-3.7457665992074825,3426,3436,89621.64862039291,43170.45948874771,89618.26774222178,43163.189594403426
45,4.101839429131018,-3.6848382135233666,3407,3396,89623.24239006233,43169.339629022965,89618.6411786139,43163.057813846004
46,3.9626120277954686,-3.5991126899674093,3400,3413,89624.52766570334,43168.090354065054,89619.14524763514,43162.779115372774
47,3.7795015038819644,-3.7757611209675326,3383,3383,89625.49126490923,43166.764594027605,89619.51312928244,43162.144649465365
48,3.713906502328934,-3.933334941757137,3373,3367,89626.32496711276,43165.53131322112,89619.92575749189,43161.34437902862
49,3.7232723245570543,-3.9713941197490388,3356,3358,89627.06791706487,43164.39263553681,89620.46716575748,43160.438147723275
50,3.778844235475476,-3.9627369096312557,3342,3346,89627.75346302647,43163.34008919294,89621.06432124504,43159.44297989832
51,3.815101477445937,-3.9394563231805457,3329,3333,89628.37802867245,43162.34555262924,89621.69745198516,43158.40815986134
52,3.819750033612693,-3.88313145172608,3319,3316,89628.94278459347,43161.37015638065,89622.37506069166,43157.34531030574
53,3.791619323181238,-3.850806871671928,3306,3304,89629.51538539153,43160.38028654411,89623.03942991616,43156.322124543316
54,3.75806563261659,-3.8036407907460226,3291,3294,89630.10335978496,43159.36342639027,89623.70119427111,43155.339537628584
55,3.769017530748279,-3.778091252715627,3279,3279,89630.7436097063,43158.347550850776,89624.33010035324,43154.36939188369
56,3.789406347964681,-3.7522397564643666,3266,3267,89631.39534314079,43157.314582239516,89624.94138722,43153.412931443134
57,3.7941534193056072,-3.7113812375941984,3253,3255,89632.01861638406,43156.27049273052,89625.55684388627,43152.45230642382
58,3.73122472129686,-3.6733450308196143,3243,3240,89632.57554215597,43155.19846205502,89626.17218340772,43151.480310638646
59,3.6605051073752266,-3.6509989824737015,3228,3228,89633.12256839409,43154.10393783152,89626.75661497547,43150.50772744725
60,3.5872936442911225,-3.621333887617544,3218,3213,89633.65600960879,43153.02515211229,89627.35611032446,43149.52149974639
61,3.5208972472338402,-3.577019571562135,3201,3204,89634.17447813723,43151.969892601475,89627.97492671582,43148.51359612405
62,3.5015070987322985,-3.527690117681882,3190,3189,89634.72693269521,43150.93542921816,89628.59284089941,43147.50286001305
63,3.4712892431221687,-3.4910737437592454,3174,3179,89635.26641060291,43149.90658391287,89629.20705721094,43146.47748274313
64,3.430201917599693,-3.4254235698429243,3165,3161,89635.79608127668,43148.89822981088,89629.86853727103,43145.45383975093
65,3.3650870844763214,-3.3700835631380137,3149,3151,89636.32279320313,43147.878286832616,89630.53070215952,43144.44110703007
66,3.332390959115371,-3.3080331992486474,3137,3139,89636.88282235045,43146.87182924729,89631.19903771191,43143.43819776071
67,3.3165333731497313,-3.348873392510006,3127,3123,89637.47627362158,43145.843434547896,89631.76411835532,43142.40847755168
68,3.356079432500693,-3.3503562618491567,3110,3114,89638.11079031618,43144.83575714939,89632.35517105553,43141.39350110879
69,3.4431347651545834,-3.273924336229616,3097,3101,89638.78690359277,43143.84124702971,89633.0108343823,43140.412558148026
70,3.4837095654250785,-3.195496926404657,3085,3087,89639.42038896239,43142.82783807861,89633.68632865594,43139.40258600575
71,3.451879582128063,-3.158472606947654,3074,3072,89639.98991264003,43141.84231211483,89634.39070763896,43138.3286730583
72,3.3594120148161464,-3.2128576485417977,3061,3059,89640.50043142823,43140.95934074149,89635.13056259268,43137.16998232391
73,3.2839563451020846,-3.3235141261446404,3052,3044,89641.00255053642,43140.24742606878,89635.99495918446,43135.93666106936
74,3.4093819105045022,-3.5418446455908157,3032,3037,89641.61577629216,43139.86309008306,89637.0106115236,43134.65617083186
75,3.376320051430862,-3.862090186858954,3030,3020,89642.04622596555,43139.543925823215,89638.29530606419,43133.35319220987
76,3.3684663539382287,-3.9731160053898584,3028,3010,89642.3899468969,43139.38509848318,89640.01350929552,43132.4387774522
77,3.67685954054584,-3.9054320713062216,2987,2998,89642.71037075843,43139.631190296466,89641.99172860805,43132.08303161061
78,3.6932019537478884,-3.834898979182755,2984,2983,89642.92106498682,43139.65063603061,89643.9904577656,43132.19887766489
79,3.613228205423927,-3.8594945260188127,2964,2971,89643.19688584091,43139.638000340325,89645.93941649156,43132.68673350246
80,3.546587989876791,-3.8149319401075124,2935,2959,89643.52002713435,43139.72866817569,89647.68154786876,43133.65629459886
81,3.5018531288984542,-3.8900821733091977,2932,2946,89643.8151130327,43139.92001706253,89649.23659213084,43134.89525120724
82,3.475712561037708,-3.882079981405911,2929,2937,89644.02580372518,43140.16686911506,89650.4109099647,43136.51070590651
83,3.3604451364029986,-3.790143165941363,2910,2917,89644.25007720456,43140.40686609471,89651.10518152945,43138.37254611873
84,3.3883912828708787,-3.730223553783528,2907,2910,89644.28596268341,43140.745766810345,89651.38954971304,43140.28345900681
85,3.27389599130702,-3.745487227229623,2922,2895,89644.39669675783,43141.18859306366,89651.35034802454,43142.14696398843
86,3.192150810301205,-3.5590738422330586,2876,2886,89644.3698393815,43141.80055843519,89650.81059627049,43143.82433831598
87,3.314630649990176,-3.2913247096146994,2869,2872,89644.0174510983,43142.46818292516,89650.0162476563,43145.23460409139
88,3.3539883155335226,-3.087055251378668,2855,2860,89643.59925393177,43143.265237876665,89649.19162749195,43146.46092249723
89,3.392984970943972,-3.088940345176032,2847,2843,89643.05994900623,43144.14478695397,89648.52745164957,43147.62642028457
90,3.3835567889875535,-3.1503293828413064,2831,2831,89642.43986970586,43145.123039380254,89647.89534914953,43148.71878861318
91,3.3462599485467526,-3.2006666597523257,2819,2817,89641.79128783029,43146.1513189554,89647.26919595315,43149.73667397436
92,3.3018273558227476,-3.260103325282715,2806,2804,89641.13501679712,43147.19233457803,89646.66355168477,43150.727053274015
93,3.286915987698383,-3.302735262463995,2792,2792,89640.50189665244,43148.19138649441,89646.05613873225,43151.737355828394
94,3.2830602980898167,-3.3609407655213226,2781,2777,89639.87184945871,43149.18525660153,89645.46984760935,43152.76368738034
95,3.2779429606077977,-3.3433434310280306,2764,2768,89639.24629377271,43150.17532267422,89644.81707581381,43153.75412427961
96,3.2735198567899837,-3.274981431820558,2753,2754,89638.61063965279,43151.170871847295,89644.12303860259,43154.70588626669
97,3.270760046681048,-3.228500322316279,2740,2741,89637.97801312266,43152.16860310374,89643.45216768561,43155.672032447255
98,3.2543394846875207,-3.206089580094006,2728,2727,89637.35798924799,43153.174225160226,89642.80244113188,43156.65202437598
99,3.228270741064504,-3.2230973354753134,2716,2714,89636.74152997439,43154.1866946876,89642.18540059199,43157.64854719135
100,3.2051300503903155,-3.2377620508264613,2701,2702,89636.12506927506,43155.19831691462,89641.5680021291,43158.6458291444
101,3.1921893402111836,-3.214715428067803,2689,2690,89635.49994719922,43156.20156690603,89640.91590595018,43159.62440483932
102,3.181274488921327,-3.1917768865761307,2677,2676,89634.88060906055,43157.196116089326,89640.25997800622,43160.6134503693
103,3.176676361732606,-3.173090595361575,2664,2663,89634.26986809923,43158.17670234085,89639.60375306304,43161.62187455746
104,3.16280193788984,-3.16423461421569,2650,2651,89633.65085445774,43159.169145214684,89638.95535001629,43162.617872284354
105,3.167518495172765,-3.1462019614251817,2638,2638,89632.99980985606,43160.19431394568,89638.33043369447,43163.57773167002
106,3.1622943393999923,-3.138420078023882,2624,2626,89632.33758575577,43161.23725535989,89637.71633143183,43164.5187332468
107,3.153429997555727,-3.131918365914324,2611,2614,89631.67814671599,43162.276458401386,89637.09732749344,43165.46049416619
108,3.133152650077086,-3.1330214637839418,2598,2600,89631.04319543763,43163.27746333363,89636.45402373851,43166.43782330104
109,3.1573071265616166,-3.0838684756945596,2585,2588,89630.43996059413,43164.22884180142,89635.77448986638,43167.46845139854
110,3.2745455329519486,-2.9492855608258837,2573,2574,89629.84509157456,43165.15550484393,89635.08078825544,43168.520553692004
111,3.436395125169206,-2.7699984936207604,2561,2560,89629.22587193029,43166.09065411704,89634.37720343623,43169.55231635754
112,3.509789061152611,-2.501637346712805,2546,2552,89628.61685086577,43167.013813771315,89633.51699459883,43170.496031290735
113,3.3724211818578165,-2.5696186291560332,2538,2532,89628.06556889974,43167.88024351934,89632.73211792359,43171.558715664636
114,3.1051218526567705,-2.8634455805960384,2525,2516,89627.51781092328,43168.72928884585,89631.98041707337,43172.69273981116
115,2.7797361963680256,-3.410331557872645,2517,2498,89626.97513656125,43169.530946734005,89631.31520503596,43173.944646365475
116,2.402433483643293,-3.994949211614888,2508,2491,89626.50237915573,43170.277047991025,89630.57437204137,43175.21115168764
117,2.066068495594846,-4.158445422396234,2467,2482,89626.01480301416,43171.044116906836,89629.57241208432,43176.151757381565
118,2.010408836165126,-3.896789877746087,2462,2478,89625.31761832867,43171.65766246877,89628.38228866858,43176.707691414565
119,2.0750756591685007,-2.965140507413414,2458,2456,89624.47962333626,43172.191327863926,89626.85666846231,43176.63581157687
120,2.3894115248393843,-2.464904949945404,2437,2449,89623.38381039795,43172.51887152653,89625.57857062464,43176.84870015879
121,2.86986264819872,-2.2174285332120927,2425,2439,89622.09894684784,43172.723779947446,89624.48306395943,43177.21783348102
122,3.2545008908342217,-2.4197376879249948,2420,2421,89620.74544213914,43173.10257791049,89623.74551937185,43177.918854485455
123,3.7660170383302956,-2.5919905273596067,2401,2410,89619.22485182014,43173.56353835508,89623.20891248996,43178.51848747536
124,3.9412093400440775,-2.698673682767247,2399,2408,89617.95500186423,43174.52503507609,89622.83919735835,43179.02311032357
125,4.321070655252298,-2.7463596537729775,2382,2406,89616.66789764928,43175.59522485138,89622.54857691152,43179.51519712011
126,4.382207224632177,-2.9873633276912512,2373,2391,89615.79581332431,43177.08128848613,89622.52514564198,43180.08572798195
127,4.198041520751749,-3.7200614289928042,2361,2348,89615.3734832012,43178.82350535361,89623.06715804175,43180.695328467686
128,4.263434820413398,-3.9589175559854377,2344,2343,89614.99044097593,43180.68373992662,89623.20418137284,43181.05996764191
129,4.080747669319353,-4.192361400529303,2334,2316,89615.19306957327,43182.739465460334,89623.33972943912,43181.29853981628
130,4.009328502076684,-4.354200468933472,2321,2312,89615.74548351887,43184.818763960386,89623.41055725259,43181.47283187715
131,3.563851972881376,-4.442189668454824,2306,2301,89617.05100500834,43186.465183746834,89623.5287255707,43181.76030977628
132,3.284892306941214,-4.485190878542021,2295,2288,89618.47129390395,43187.71193383707,89623.86045643779,43182.11451301197
133,3.31967409221898,-4.419265442867793,2279,2281,89619.80994230558,43188.723554815864,89624.42241453446,43182.50935454024
134,3.5583011920000054,-4.298885687727215,2266,2267,89621.0533118408,43189.65001997289,89625.16830675727,43182.956575231925
135,3.715749636678255,-4.21534944040533,2249,2256,89622.24375992498,43190.473247559756,89626.01215884546,43183.49460140547
136,3.8182502726947347,-4.169372112318123,2232,2247,89623.39637981258,43191.25627964059,89626.88900870194,43184.07271125108
137,3.909462368310227,-3.960019460696365,2224,2239,89624.63515979951,43191.94562510123,89627.68071571775,43184.68936343244
138,3.9980353611005888,-3.713284452495985,2212,2216,89626.03214717029,43192.53916706317,89628.39616998546,43185.199150074295
139,4.04974167345344,-3.644471236600361,2202,2191,89627.6768417297,43192.97065455643,89629.0092122237,43185.39267981565
140,3.8870174472838173,-3.6145724481255503,2191,2184,89629.54250960519,43192.93205325342,89629.42563026198,43185.43137393898
141,3.8798124621358103,-3.623700091661585,2175,2180,89631.4444608761,43192.68448108904,89629.73190759918,43185.37901314245
142,3.811126445999637,-3.5667098140465283,2164,2167,89633.219348619,43191.98252554281,89630.03385775453,43185.32781925083
143,3.7921037080287365,-3.39893785971552,2151,2152,89634.7925460093,43190.997575684705,89630.47041546104,43185.25037929404
144,3.7593860573188893,-3.4163062986628585,2138,2142,89636.08798290722,43189.82208014069,89630.9152112997,43184.84885234739
145,3.6721520882143532,-3.3488161197623625,2127,2119,89637.08764583692,43188.55437823993,89631.4912586485,43184.31475030641
146,3.6038097518278955,-3.5171711396459218,2117,2111,89637.8940073945,43187.34556641589,89631.94497058482,43183.43183036272
147,3.589272538528236,-3.7056012585448093,2102,2094,89638.59415003589,43186.31543723515,89632.46824306219,43182.35457275063
148,3.526384916918672,-3.949923269477384,2092,2085,89639.14071805218,43185.46476860677,89633.0955769683,43181.06573992147
149,3.4210130127067937,-4.154602175139426,2067,2075,89639.5680415321,43184.80668846072,89633.98226104444,43179.68916935299
150,3.3681805943790653,-4.082090620995775,2060,2061,89639.97786681142,43184.36081285851,89635.33176973656,43178.536697204305
151,3.2894230767245793,-3.926388094696846,2032,2044,89640.35075338739,43184.01046279818,89636.94445000876,43177.6492500086
152,3.2485701868490997,-3.747832819959401,2050,2038,89640.77769330128,43183.77662564282,89638.68325536435,43177.10107437256
153,3.2967918116449844,-3.4833766063511042,2018,2022,89641.3355657038,43183.6851665872,89640.42668652874,43176.96619178285
154,3.2992880366044153,-3.358144389648063,2009,2011,89641.97939433258,43183.624318855655,89642.0799616754,43176.96764605915
155,3.337550101038759,-3.2952657668566907,1995,1999,89642.71568543126,43183.70449137914,89643.66060766215,43177.13932814317
156,3.3538174425093072,-3.2938197288502113,1987,1982,89643.49080715695,43183.866432168405,89645.16994168347,43177.43435729292
157,3.3756888488795727,-3.397620671122345,1973,1969,89644.31525328281,43184.14249635998,89646.6234993258,43177.7746299937
158,3.537587474571679,-3.473316010254122,1959,1963,89645.14501934167,43184.651065907325,89647.97757206757,43178.23784419523
159,3.624723044281712,-3.684610128182987,1954,1947,89645.98635499245,43185.151890749374,89649.32964891431,43178.65198789025
160,3.8057316066273086,-3.79990002658999,1928,1933,89646.73605995782,43185.782111687644,89650.60223071187,43179.23242801278
161,3.869599137625782,-3.8539059398547613,1921,1918,89647.5632070498,43186.36791264655,89651.77229732822,43179.89210461125
162,3.8436242642322465,-3.877183063802161,1906,1908,89648.40662406778,43186.93489331321,89652.89907045713,43180.655658388845
163,3.7527762088542196,-3.883844155867113,1898,1890,89649.30914155013,43187.51867799442,89653.9626690682,43181.463708776224
164,3.6519775171313436,-3.8649142768682383,1880,1881,89650.3074199581,43188.15898861649,89654.91913701913,43182.22301961456
165,3.5834712157355217,-3.766649280798333,1866,1871,89651.4075414523,43188.870866323225,89655.72615224347,43182.92327251161
166,3.580610368757927,-3.6503174688477587,1854,1858,89652.62388110442,43189.65430455816,89656.42021773671,43183.50010716394
167,3.698442186975255,-3.440637016435609,1834,1822,89653.94851012283,43190.47826622968,89657.03517205849,43184.04095545827
168,4.06508157573672,-3.4710622925291377,1827,1825,89655.40308672909,43191.42025486269,89657.67039668243,43184.23326870863
169,4.68834143531397,-3.404481673441493,1822,1837,89657.12636127723,43192.42713809225,89658.16875096023,43184.40172784614
170,5.286752035970336,-3.3966553868710063,1807,1834,89659.22092498097,43193.09040812274,89658.6258652,43184.4274139332
171,5.468770537293348,-3.6473704744220563,1789,1794,89661.44559061782,43192.89580224905,89658.99279058943,43184.11583647654
172,4.992647693038772,-3.71687272027155,1776,1755,89663.31731400517,43191.64258393456,89659.30994039183,43183.90975117076
173,4.235481410719551,-3.735932333362659,1765,1752,89664.64175359532,43189.837988717365,89659.53147379085,43183.72010694347
174,3.923400416568663,-3.696727007174564,1756,1750,89665.79600303271,43188.125498026464,89659.66760295935,43183.596805666086
175,4.025124458961862,-3.620144216985553,1737,1726,89666.90902387619,43186.390817678825,89659.8718470628,43183.40279565338
176,4.494659126178126,-3.6692174343488246,1729,1746,89667.97487593991,43184.58375556074,89659.94857361948,43183.09132413637
177,5.287998901433663,-3.650334888093771,1720,1742,89668.9780854631,43182.59922143968,89660.04006885421,43182.67452105674
178,5.684182333038222,-3.5698396722399077,1708,1696,89669.188028009,43180.46147529964,89660.09052338646,43182.15627113314
179,5.467214581654972,-3.3855799397830815,1690,1690,89668.41878340642,43178.49991641758,89660.11769317693,43181.57625707503
180,4.781895303259048,-3.2333640466268623,1665,1654,89666.95069114474,43176.99770997276,89659.99074203783,43180.97307044387
181,4.484948946422931,-3.4690721384860796,1662,1651,89665.67758831827,43175.64568233373,89659.4336591104,43180.57313598303
182,4.103268046775539,-3.527068313330635,1659,1663,89664.25288251696,43174.62422658354,89658.92220506571,43180.08370557692
183,3.7742801743697285,-3.4813989867187938,1642,1664,89662.83756316511,43173.80654759239,89658.39473645332,43179.54293765039
184,3.606087038734604,-3.913632512218002,1629,1621,89661.51893797732,43173.05429652601,89657.52948431346,43179.42849777706
185,3.5711975286577124,-3.998863430893513,1608,1616,89660.26203889497,43172.34452402513,89656.77606456663,43179.064182194525
186,3.611658826879804,-3.910475928963399,1599,1607,89659.0324784346,43171.7003588207,89655.96816741166,43178.57003925284
187,3.6845817820509277,-3.6636162280837175,1583,1592,89657.79430992584,43171.13792371178,89655.10689860044,43177.977063596605
188,3.735586466776831,-3.3555884216312317,1578,1569,89656.52544122351,43170.666146608055,89654.20792964737,43177.367930056695
189,3.5468263549273837,-3.239579883431768,1558,1565,89655.07927516694,43170.44729212767,89653.36474230415,43177.0135457547
190,3.4179553901013024,-3.098450267290991,1545,1549,89653.67613201006,43170.276239265215,89652.45536990708,43176.677276882634
191,3.328250918401375,-3.0265929050526412,1538,1534,89652.30757104643,43170.13723916139,89651.450671575,43176.43404496405
192,3.2741966566542278,-3.0583489805158055,1522,1521,89651.07467539574,43170.00550914343,89650.27962009097,43176.2879466727
193,3.2356641521430904,-3.1623776328354634,1512,1508,89650.03236353134,43169.854677280884,89648.93239291523,43176.1574547104
194,3.328142695645933,-3.433885922925254,1481,1490,89649.23311415363,43169.53837808427,89647.4045605397,43176.04847967482
195,3.4055197002150566,-3.7941993207812,1497,1486,89648.6848416608,43169.21392207757,89645.70303857676,43175.767150621534
196,3.36984838494315,-4.041544531770593,1495,1468,89648.31696084829,43169.011347468964,89643.95076602972,43175.00009423038
197,3.4734907549854546,-4.0264236520001,1475,1458,89648.19736518517,43168.75204364872,89642.47486122308,43173.599895184794
198,3.5177125565732625,-3.974251304331462,1474,1448,89648.12332788191,43168.56687575603,89641.38834910902,43171.84858010313
199,3.682633895483856,-3.9306064690372446,1437,1432,89648.20586803378,43168.32852940676,89640.75809757848,43169.907182026305
200,3.763405423427706,-3.958599094308236,1416,1421,89648.25833249131,43168.102458185596,89640.53905128126,43167.89739387342
201,3.7697596585885753,-3.961213692669698,1413,1406,89648.29344061439,43167.862144743056,89640.81451256215,43165.90419067128
202,3.71208434054572,-4.022433090710405,1410,1395,89648.33848417117,43167.57081673707,89641.47302931358,43164.008754203525
203,3.524886601980646,-4.09631639162418,1383,1383,89648.40106149444,43167.13364933357,89642.46547758246,43162.35331684581
204,3.5372508827253877,-3.971702590920889,1369,1371,89648.81113056172,43166.71754097794,89643.78613822654,43161.13777088404
205,3.5659211138354645,-3.739644405185032,1349,1360,89649.41841500257,43166.2925783909,89645.20152035324,43160.32691941061
206,3.885135041098905,-3.4694724220145905,1336,1350,89650.34500110858,43166.05552179075,89646.57146601322,43159.74278198774
207,4.051460193731014,-3.255866516519776,1326,1337,89651.28985612915,43165.64548824027,89647.85310516185,43159.196785545995
208,4.218896526529521,-3.0746703666358126,1315,1322,89652.33619804675,43165.196905981786,89649.0527662899,43158.68421115374
209,4.380197007453103,-2.9691200516569536,1303,1307,89653.41325954575,43164.764186170076,89650.19958391528,43158.15474215583
210,4.529505813674539,-2.9320084743787564,1293,1291,89654.44582793595,43164.407241376284,89651.36080278875,43157.613360650816
211,4.611922446730916,-2.987852224441838,1277,1282,89655.38499367295,43164.12167292951,89652.59864439747,43157.051111935674
212,4.5124695210544035,-3.077953805975882,1272,1264,89656.17085680265,43163.79339269445,89653.98926309487,43156.52323621899
213,4.302962714435615,-3.2888855157084125,1259,1246,89656.83636199868,43163.47016177092,89655.52765516324,43155.99196372805
214,4.026897289691067,-3.5663251584522055,1255,1236,89657.47186069074,43163.17181432596,89657.21831376411,43155.582826178455
215,3.6605571821734615,-3.813536589209788,1249,1223,89658.10861198028,43162.88458296179,89659.01212459593,43155.46530114637
216,3.4840528494367304,-3.976214727469747,1226,1211,89658.65551687771,43162.888080450764,89660.79120733948,43155.740044456834
217,3.1755027024678113,-4.106996465117907,1213,1199,89659.18069614423,43162.841860431814,89662.48417168316,43156.35172611197
218,3.013151413339021,-4.285787369498173,1202,1190,89659.5087893685,43162.95171894732,89664.030642034,43157.22220275247
219,2.9553202734516075,-4.368537182581034,1182,1176,89659.71568215615,43163.16595402028,89665.30538960727,43158.43371790536
220,2.7813374303311083,-4.414463895340266,1146,1165,89660.13780373421,43163.445761180694,89666.32490103102,43159.77161042735
221,3.0254073224152074,-4.233421130864624,1142,1158,89660.3634327491,43164.1629960917,89666.99052067663,43161.20118986661
222,3.487817464779605,-3.9764318776753287,1138,1152,89660.38332471116,43165.09981489304,89667.4511755899,43162.69971026984
223,5.276251032236209,-3.42004902483241,1112,1133,89659.12190075913,43166.52624150291,89667.49098271888,43164.1631710779
224,6.187565803137809,-2.6764403751536525,1109,1094,89658.67413199521,43167.81476960169,89667.22866177974,43165.4929974995
225,6.532472308450666,-2.3282220177345296,1105,1123,89658.78552837702,43169.1927601127,89667.23490347216,43166.52443396251
226,5.697620912209968,-2.180567323446558,1098,1120,89660.07750643976,43170.43590268065,89667.32743813646,43167.35299167488
227,4.3541668375598155,-3.0270485305507018,1071,1077,89661.96868430359,43171.4662527517,89668.26011437044,43167.606168811624
228,3.7271506893285467,-3.368887600890972,1066,1067,89663.4542473652,43172.62953128921,89668.74773236472,43167.90377463274
229,3.2300656600146525,-3.5175331267283525,1059,1069,89665.12754832322,43173.60261250044,89669.1144354235,43168.158825157385
230,3.2031694643863604,-3.9827731193408002,1039,1018,89666.85397289919,43174.58798464812,89669.57683925777,43167.93788918941
231,3.186615006201608,-4.025805883673914,1027,1015,89668.89175037012,43175.08974172225,89669.79429242689,43167.93401444067
232,3.0656843952896997,-4.018025881624998,1013,1012,89670.95008908726,43174.90586912268,89669.92068100783,43167.897354993904
233,3.1966597590190857,-3.967561601474017,1001,993,89672.8925791976,43174.436983846674,89670.11143583068,43167.834612357976
234,3.4961641888367194,-3.836229826166671,990,983,89674.70803672343,43173.72034203638,89670.51540866097,43167.70487265144
235,3.18916929661035,-3.859464715654389,977,975,89675.91020121607,43172.29436071824,89670.93956411052,43167.29676047375
236,2.9037750204491917,-3.9534962021419897,965,960,89676.80115287457,43170.901298775396,89671.36982765848,43166.7152654481
237,2.8220152720870675,-4.123718555052038,950,954,89677.65019222422,43169.62604652563,89671.76458580427,43165.93784161445
238,2.745896918281969,-4.488403184614498,945,936,89678.34696634056,43168.452143923576,89672.0286640702,43164.92877133484
239,2.808096286457519,-4.5183833592291665,918,926,89679.05745953337,43167.458685827216,89672.63205516418,43163.93853203923
240,2.8652949926082996,-4.364864318402264,910,917,89679.68414836378,43166.47824087994,89673.3625580182,43162.96929528828
241,2.917406811905634,-4.279335170072817,898,898,89680.2599643617,43165.46060008502,89673.97751017947,43161.95006385771
242,3.1599994323807583,-4.115812560434366,881,890,89680.99171098099,43164.505178588435,89674.64575291915,43160.946210137845
243,3.6117018946315143,-3.985336362051705,860,875,89681.92286550903,43163.575746167866,89675.23355086845,43159.97462690951
244,4.203898141118211,-3.7709646111891253,854,870,89683.01051009505,43162.566926193314,89675.78994624242,43159.18138435065
245,4.75976031617653,-3.564418427404877,847,865,89684.13074539563,43161.34857050164,89676.30643448481,43158.5074245135
246,4.073754325593496,-3.345549422978953,837,830,89683.98134559645,43159.62967482056,89676.78357245002,43157.83019438275
247,3.447758348159001,-3.2199970859059226,816,826,89683.68028313367,43157.94521276821,89677.0599108175,43157.151718644855
248,3.1279264118579158,-3.012552893068009,810,800,89683.46508046467,43156.33553817161,89677.32612008974,43156.47210906646
249,3.0101793395512453,-3.019302683803644,795,785,89683.20113357001,43154.767626760804,89677.2588390495,43155.78928683212
250,3.098522070588254,-3.154819215410099,787,782,89682.88315425102,43153.199848272096,89676.95460148198,43155.18895342365
251,3.440182958771471,-3.1323832827227345,769,780,89682.54388548291,43151.5754490517,89676.69264084287,43154.5690360575
252,3.576980376860595,-3.085388825096108,754,776,89681.82399548036,43150.11079393092,89676.3719026578,43153.93987309402
253,3.617918076712852,-3.4846957471950053,749,743,89680.87791613692,43148.831190375204,89675.61834260893,43153.60445020841
254,3.7872527010874806,-3.616291534042105,734,739,89679.95182669662,43147.61480913791,89674.93965708785,43153.06371940093
255,3.6103284315636497,-3.903287691711218,724,714,89678.71716373807,43146.774366688434,89674.10125949261,43152.70292935107
256,3.428969355626713,-3.896442911327209,703,707,89677.41722612861,43146.065121072206,89673.43469820697,43152.213383935334
257,3.541835268163928,-3.8040359180406944,688,698,89676.23977438084,43145.23505775326,89672.70880872809,43151.676649563015
258,3.7186594831016455,-3.681061528013162,678,687,89675.02707463829,43144.4587236414,89671.91136598663,43151.170521510845
259,4.045244627867447,-3.689955747415253,662,669,89673.75763244012,43143.61070047025,89671.11546123629,43150.880656190566
260,4.254474948900167,-3.5832494724156843,657,667,89672.306875947,43142.96318534961,89670.40244246565,43150.56601753372
261,4.125027031458132,-3.4996275572323805,648,637,89670.6782907612,43142.80581909594,89669.70303368304,43150.36784469946
262,3.81304323028836,-3.3585456937194573,622,633,89669.02403673388,43143.01311110308,89669.01083687767,43150.18468787941
263,3.6904899711746006,-3.2682998146477376,617,628,89667.52287787602,43143.19272261758,89668.1558310901,43150.122666737996
264,3.606028288758618,-3.3400048159517066,603,602,89666.18829346952,43143.411481179675,89667.13814760036,43150.29226260491
265,3.567288900095132,-3.429104223226044,593,588,89664.98780428497,43143.60242790188,89665.97087832924,43150.529410084586
266,3.5148964915178125,-3.620074465969286,580,573,89663.91916109923,43143.7663998428,89664.66451591071,43150.86233225294
267,3.4206331612702963,-3.8397988713514626,569,562,89663.00390619297,43143.899897460265,89663.17544458182,43151.15830278661
268,3.3089616605323227,-4.070819646491446,541,553,89662.24036930899,43143.94827984817,89661.54023836619,43151.29477484935
269,3.2009590061168365,-3.8124622039496345,535,540,89661.67989477892,43143.93948015253,89659.82566823356,43150.70334894104
270,3.198580088750988,-3.464773786949917,530,522,89661.26015827474,43143.78923269769,89658.23481552758,43149.726200453624
271,3.095753228930642,-3.4817457806613645,526,513,89660.84312918587,43143.64042295655,89656.71228258748,43148.7589774011
272,3.03940073079403,-3.567865259718858,487,499,89660.46349988329,43143.353319336915,89655.3651696538,43147.55605567655
273,2.993912381763554,-3.549808264417853,480,492,89660.09847421954,43142.92349238836,89654.37280862832,43146.091620137166
274,2.972872359899096,-3.5129371085901826,473,478,89659.78997761737,43142.3364712432,89653.68544430082,43144.52745217617
275,3.0259512398449697,-3.3678579372627655,465,460,89659.59658782216,43141.586355616404,89653.35154251465,43142.95756125388
276,2.9477340037369966,-3.0598238142654206,443,450,89659.35439710754,43140.74215163308,89653.3862884614,43141.429487158515
277,2.9275679372998615,-2.838378896432832,437,433,89659.24953132823,43139.756317910855,89653.48901905751,43140.00660028804
278,2.8305900249933513,-2.769457875066165,421,425,89659.13647509752,43138.686691367046,89653.5364666879,43138.66566054977
279,2.7898397859911603,-2.7434102875226047,412,410,89659.13959146837,43137.612839553796,89653.61223680551,43137.35748331805
280,2.746309120726535,-2.7730304581947043,398,396,89659.18281328681,43136.54639315618,89653.68512550817,43136.05798914705
281,2.6846491698868764,-2.8427566784141267,387,384,89659.24282751454,43135.448700172026,89653.7558347947,43134.78152230638
282,2.754409347976243,-2.9509326642941622,372,368,89659.47728311467,43134.31996532505,89653.82693619134,43133.529707694346
283,2.8703103665497762,-3.0124055286778875,357,361,89659.74229591343,43133.11650799023,89653.90438492391,43132.3918414584
284,3.036083651089651,-3.0363742375307536,342,348,89660.00105740527,43131.85628243313,89653.95022801707,43131.34421942522
285,3.218803610908672,-3.1069639056272553,332,336,89660.23945213929,43130.494238338375,89653.91472303997,43130.3796237956
286,3.363015008473125,-3.1420242771599463,321,314,89660.35432603292,43129.05538060855,89653.86191602482,43129.46053291867
287,3.627616989336961,-3.212692708265561,303,290,89660.44089579262,43127.51352665644,89653.69785007392,43128.66294876976
288,3.9667571805177366,-3.211224059370737,299,309,89660.41016541838,43125.87157951913,89653.53665888585,43127.939990171624
289,4.401432223022416,-3.4639867681353445,293,281,89660.24673076664,43124.16341910318,89653.05311702668,43127.344100990245
290,4.614698436852183,-3.606892979918264,263,275,89659.66733762923,43122.545916511044,89652.61032808111,43126.764113005054
291,4.336007151254806,-3.646209533750909,253,239,89658.49248606239,43121.30432164483,89652.16543638792,43126.17096582981
292,3.9287854465545378,-3.680971172609553,247,233,89657.10502583675,43120.32540930311,89651.63260437374,43125.61322540563
293,3.610356199368888,-3.6615764328778324,226,230,89655.672336877,43119.46589910818,89651.11502189467,43125.13263400226
294,3.608915949661343,-3.593003003869666,217,227,89654.29833243617,43118.53672542669,89650.62553760219,43124.73174073907
295,3.7485841505136954,-3.592252720851102,204,212,89652.81753687323,43117.67258730532,89650.11794420879,43124.499012828106
296,4.181573771913073,-3.5979735535307844,191,200,89651.25142808672,43116.751587272476,89649.6145553266,43124.35698036922
297,4.316213104552663,-3.586497423368488,178,181,89649.54408694478,43116.374743945824,89648.98418249076,43124.257594996714
298,3.9137910817944404,-3.5810612591955304,169,158,89647.88321286514,43116.74922996168,89648.2622219018,43124.2344930675
299,3.714912733895133,-3.7311052068723742,159,150,89646.35954342187,43117.07809512695,89647.50036660653,43124.43619988535
300,3.5380815274214625,-3.7869581509687085,141,142,89645.00039125294,43117.46512503047,89646.59880504452,43124.61364093524
301,3.5216257311713326,-3.833917923868443,129,128,89643.74883454238,43117.75135367409,89645.5298046913,43124.88803131777
302,3.533041500868426,-3.8345730189234657,113,117,89642.59258701418,43118.01177084436,89644.33890688508,43125.169431818504
303,3.520033773498907,-3.786656497579151,102,103,89641.47948664067,43118.29408882879,89643.10167486228,43125.41842936607
304,3.4728523044664183,-3.7350743221970557,92,87,89640.33517306637,43118.62401642868,89641.9219560394,43125.655113501816
305,3.6380854968931455,-3.7147139350587994,71,79,89639.0686588129,43118.784512561564,89640.84006994912,43125.9207414027
306,3.7243800334049904,-3.660232683932082,62,69,89637.69645130265,43119.10811146926,89639.92594774147,43126.14812926854
307,3.8487777952553013,-3.668257389374831,50,51,89636.24710724014,43119.5397474964,89639.17197801423,43126.46440986519
308,3.985885964269449,-3.5953559396718,36,44,89634.75531161546,43120.14753075102,89638.51505669112,43126.73080848875
309,3.9917620927443718,-3.6108520900290135,27,21,89633.37887324496,43121.0572705679,89637.97155544332,43127.115901819016
310,3.9238787984783454,-3.64456666386434,12,14,89632.17856773177,43122.16902361675,89637.47408347377,43127.57632236405
311,3.82077852261815,-3.6302618878236683,2,3993,89631.17482962948,43123.37207380691,89636.93261586715,43128.101333880055
